title,author,bookPublishedDate,bookFormat,price,oldPriceFloat
Lessons in Chemistry,Bonnie Garmus,03 Mar 2023,Paperback,11.74,13.5
Atomic Habits,James Clear,27 Nov 2018,Paperback,18.37,22.0
The Creative Act,Rick Rubin,17 Jan 2023,Hardback,22.41,24.5
The Letters I Will Never Send,Isabella Dorta,16 Mar 2023,Paperback,21.37,"<span class=""sale-price"">21,37 €</span>"
The Body Keeps the Score,Bessel van der Kolk,24 Sep 2015,Paperback,14.53,16.5
Thousand Autumns: Qian Qiu (Novel) Vol. 1,Meng XI Shi,14 Mar 2023,Paperback,16.46,23.5
Junkers Ju 88 Volume 3,Chris Goss,31 Mar 2023,Hardback,45.39,49.0
Foster,Claire Keegan,18 Aug 2022,Paperback,9.3,11.5
Daisy Jones and The Six,Taylor Jenkins Reid,09 Jan 2020,Paperback,11.8,"<span class=""sale-price"">11,80 €</span>"
Things We Hide From The Light,Lucy Score,21 Feb 2023,Paperback,9.62,11.5
"The Boy, The Mole, The Fox and The Horse",Charlie Mackesy,04 Nov 2019,Hardback,17.81,21.5
Totally Kosher,Chanie Apfelbaum,21 Mar 2023,Hardback,30.38,37.0
Things We Never Got Over,Lucy Score,14 Jul 2022,Paperback,9.51,11.5
Small Things Like These,Claire Keegan,03 Nov 2022,Paperback,9.34,11.5
Grandmaster of Demonic Cultivation: Mo Dao Zu Shi (Manhua) Vol. 1,Mo Xiang Tong Xiu,24 Mar 2023,Paperback,13.94,21.0
It Ends With Us: The most heartbreaking novel you'll ever read,Colleen Hoover,02 Aug 2016,Paperback,10.11,10.5
Seven Husbands of Evelyn Hugo,Taylor Jenkins Reid,14 Oct 2021,Paperback,10.13,11.5
Before the Coffee Gets Cold,Toshikazu Kawaguchi,19 Sep 2019,Paperback,10.58,13.5
"Spy x Family, Vol. 9",Tatsuya Endo,30 Mar 2023,Paperback,10.23,"<span class=""sale-price"">10,23 €</span>"
Berserk Deluxe Volume 13,Kentaro Miura,21 Mar 2023,Hardback,45.98,54.5
Icebreaker,Hannah Grace,19 Jan 2023,Paperback,10.18,11.5
"Jujutsu Kaisen, Vol. 19",Gege Akutami,30 Mar 2023,Paperback,10.25,"<span class=""sale-price"">10,25 €</span>"
When the Body Says No,Gabor Maté,03 Jan 2019,Paperback,13.09,16.0
Me vs Brain,Hayley Morris,16 Mar 2023,Hardback,,
Once Upon A Broken Heart,Stephanie Garber,30 Jun 2022,Paperback,9.45,11.5
Emily Wilde's Encyclopaedia of Faeries,Heather Fawcett,19 Jan 2023,Hardback,14.29,18.5
Fast Like a Girl,Dr. Mindy Pelz,31 Jan 2023,Paperback,28.85,"<span class=""sale-price"">28,85 €</span>"
The Psychology of Money,Morgan Housel,08 Sep 2020,Paperback,14.88,18.5
Final Offer,Lauren Asher,31 Jan 2023,Paperback,10.26,12.5
The Daily Stoic,Ryan Holiday,03 Jan 2017,Paperback,11.3,14.0
Heaven Official's Blessing: Tian Guan Ci Fu (Novel) Vol. 5,Mo Xiang Tong Xiu,20 Dec 2022,Paperback,15.74,21.0
Young Forever,Mark Hyman,16 Feb 2023,Paperback,16.99,21.0
The Definitive Guide to the Perimenopause and Menopause,Dr Louise Newson,27 Jun 2023,Hardback,23.19,23.5
Twisted Love,Ana Huang,05 May 2022,Paperback,9.99,13.5
Head and Heart,Kirstin Ferguson,31 Jan 2023,Paperback,32.01,"<span class=""sale-price"">32,01 €</span>"
The Greatness Mindset,Lewis Howes,07 Mar 2023,Hardback,,
The Midnight Library,Matt Haig,18 Feb 2021,Paperback,9.44,11.5
"Thinking, Fast and Slow",Daniel Kahneman,24 May 2012,Paperback,13.25,16.5
Adult Children of Emotionally Immature Parents,Lindsay C Gibson,25 Jun 2015,Paperback,18.17,19.5
Legends & Lattes,Travis Baldree,10 Nov 2022,Hardback,19.99,21.0
Vertical Growth - How Self-Awareness Transforms Leaders and Organisations,Michael Bunting,28 Sep 2022,Paperback,25.64,"<span class=""sale-price"">25,64 €</span>"
12 Rules for Life,Jordan B. Peterson,07 May 2019,Paperback,12.64,14.5
Scattered Minds,Gabor Mate,03 Jan 2019,Paperback,13.13,16.0
I Don't Need Therapy,Toni Lodge,28 Feb 2023,Paperback,28.31,"<span class=""sale-price"">28,31 €</span>"
Bored of Lunch: The Healthy Air Fryer Book,Nathan Anthony,16 Mar 2023,Hardback,19.76,23.5
Crochet Collage Garden,Chris Norrington,14 Mar 2023,Paperback,16.02,21.0
The Husky and His White Cat Shizun: Erha He Ta De Bai Mao Shizun (Novel) Vol. 2,Rou Bao Bu Chi Rou,24 Jan 2023,Paperback,15.88,21.0
Verity,Colleen Hoover,20 Jan 2022,Paperback,9.94,11.5
Twisted Lies,Ana Huang,01 Aug 2022,Paperback,10.22,13.5
The Invisible String,Patrice Karst,06 Dec 2018,Paperback,7.99,8.5
Grandmaster of Demonic Cultivation: Mo Dao Zu Shi (Novel) Vol. 5 (Special Edition),Mo Xiang Tong Xiu;,02 May 2023,Paperback,28.0,"<span class=""sale-price"">28,00 €</span>"
Meditations,Marcus Aurelius,06 Feb 2019,Paperback,8.99,12.0
Heaven Official's Blessing: Tian Guan Ci Fu (Novel) Vol. 4,Mo Xiang Tong Xiu,20 Sep 2022,Paperback,15.6,21.0
House of Earth and Blood,Sarah Maas,03 Mar 2020,Hardback,29.9,31.0
Cunk on Everything,Philomena Cunk,19 Sep 2019,Paperback,11.99,12.5
The Song of Achilles,Madeline Miller,21 Sep 2017,Paperback,11.71,13.5
Where the Crawdads Sing,Delia Owens,20 Dec 2019,Paperback,10.04,13.5
Twisted Games,Ana Huang,05 May 2022,Paperback,10.09,13.5
The Secret History,Donna Tartt,01 Jul 1995,Paperback,12.18,13.5
Dopamine Nation,Dr Anna Lembke,19 Jan 2023,Paperback,11.99,14.5
Twisted Hate,Ana Huang,05 May 2022,Paperback,10.17,13.5
The Fine Print,Lauren Asher,27 Jan 2022,Paperback,10.19,13.5
The Thursday Murder Club,Richard Osman,13 May 2021,Paperback,10.93,11.5
Still Born,Guadalupe Nettel,09 Aug 2022,Paperback,14.4,16.0
Outlive,Peter Attia,28 Mar 2023,Hardback,27.0,"<span class=""sale-price"">27,00 €</span>"
House of Earth and Blood,Sarah J. Maas,27 Apr 2023,Paperback,12.52,"<span class=""sale-price"">12,52 €</span>"
Start With Why,Simon Sinek,11 Oct 2011,Paperback,10.6,13.5
Mushoku Tensei: Jobless Reincarnation (Light Novel) Vol. 21,Rifujin Na Magonote,21 Mar 2023,Paperback,12.8,15.0
A Good Girl's Guide to Murder,Holly Jackson,17 Oct 2019,Paperback,10.74,"<span class=""sale-price"">10,74 €</span>"
Magnolia Parks,Jessa Hastings,01 Dec 2022,Paperback,12.33,16.0
Freezing Order,Bill Browder,02 Feb 2023,Paperback,11.13,13.5
Standing Heavy,Gauz,26 May 2022,Paperback,17.55,"<span class=""sale-price"">17,55 €</span>"
How to Grow Your Small Business,Donald Miller,14 Mar 2023,Hardback,23.82,"<span class=""sale-price"">23,82 €</span>"
The Parenting Map,Dr Shefali Tsabary,02 Mar 2023,Paperback,16.99,21.0
While We Were Dreaming,Clemens Meyer,30 Mar 2023,Paperback,19.89,21.0
Surrounded by Idiots,Thomas Erikson,30 Jul 2019,Paperback,11.45,14.5
Old Babes in the Wood,Margaret Atwood,07 Mar 2023,Hardback,23.95,28.5
I'm a Fan,Sheena Patel,02 Mar 2023,Paperback,13.72,"<span class=""sale-price"">13,72 €</span>"
Glucose Revolution,Jessie Inchauspe,31 Mar 2022,Paperback,15.79,21.0
Better Than the Movies,Lynn Painter,04 Aug 2022,Paperback,11.22,15.5
Bored of Lunch: The Healthy Slow Cooker Book,Nathan Anthony,05 Jan 2023,Hardback,19.8,23.5
Finding Hildasay,Christian Lewis,02 Feb 2023,Hardback,19.99,21.0
The Invisible Life of Addie LaRue - Illustrated edition,V.E. Schwab,01 Oct 2022,Hardback,20.04,23.5
Birnam Wood,Eleanor Catton,02 Mar 2023,Paperback,28.95,"<span class=""sale-price"">28,95 €</span>"
House of Sky and Breath,Sarah J. Maas,11 May 2023,Paperback,13.5,"<span class=""sale-price"">13,50 €</span>"
Crooked Kingdom Collector's Edition,Leigh Bardugo,05 Sep 2019,Hardback,15.25,21.0
The Priory of the Orange Tree,Samantha Shannon,26 Feb 2019,Hardback,20.75,21.0
Meditations,Marcus Aurelius,17 Nov 2015,Paperback,9.84,12.0
Grandmaster of Demonic Cultivation: Mo Dao Zu Shi (Novel) Vol. 4,Mo Xiang Tong Xiu,13 Dec 2022,Paperback,15.51,21.0
Rich Dad Poor Dad,Robert T. Kiyosaki,31 Oct 2018,Paperback,10.83,"<span class=""sale-price"">10,83 €</span>"
Attached,Amir Levine,22 Aug 2019,Paperback,11.46,14.5
Our Wives Under The Sea,Julia Armfield,16 Mar 2023,Paperback,10.59,12.5
Mindset - Updated Edition,Dr Carol Dweck,11 Apr 2017,Paperback,11.99,16.5
Marriage for One,Ella Maise,27 Oct 2022,Paperback,11.25,11.5
Normal People,Sally Rooney,23 Jul 2019,Paperback,10.24,11.5
Whale,Cheon Myeong-kwan,19 Jan 2023,Paperback,28.95,"<span class=""sale-price"">28,95 €</span>"
A Day of Fallen Night,Samantha Shannon,28 Feb 2023,Hardback,21.59,23.5
The Book You Wish Your Parents Had Read (and Your Children Will Be Glad That You Did),Philippa Perry,31 Dec 2020,Paperback,11.47,14.5
Cleopatra and Frankenstein,Coco Mellors,16 Feb 2023,Paperback,12.05,13.5
Ikigai,Héctor García,07 Sep 2017,Hardback,15.75,19.5
Glucose Goddess Method,Jessie Inchauspe,02 May 2023,Hardback,44.91,"<span class=""sale-price"">44,91 €</span>"
Six of Crows: Collector's Edition,Leigh Bardugo,11 Oct 2018,Hardback,15.79,21.0
Ugly Love,Colleen Hoover,21 Jan 2016,Paperback,8.9,10.5
The Herbal Astrology Oracle,Adriana Ayales,18 Oct 2022,Cards,28.5,"<span class=""sale-price"">28,50 €</span>"
No Longer Human,Osamu Dazai,01 Jan 2020,Paperback,11.98,14.0
Women Who Run with the Wolves,Clarissa Pinkola Estes,01 Jan 1997,Paperback,11.14,11.5
I'm Glad My Mom Died,Jennette McCurdy,15 Sep 2022,Hardback,21.59,31.5
The Glucose Goddess Method,Jessie Inchauspe,25 Apr 2023,Paperback,25.08,"<span class=""sale-price"">25,08 €</span>"
No Bad Parts,Richard C. Schwartz,06 Jul 2021,Paperback,16.65,21.0
The Husky and His White Cat Shizun: Erha He Ta De Bai Mao Shizun (Novel) Vol. 1,Rou Bao Bu Chi Rou,15 Nov 2022,Paperback,15.14,21.0
The Untethered Soul,Michael A. Singer,07 Nov 2007,Paperback,12.01,"<span class=""sale-price"">12,01 €</span>"
The Silent Patient,Alex Michaelides,15 Jan 2020,Paperback,9.34,11.5
Wild Embrace,Anja Murray,09 Mar 2023,Hardback,17.02,18.5
Everything I Know About Love,Dolly Alderton,07 Feb 2019,Paperback,11.51,14.5
1984,George Orwell,01 Oct 2008,Paperback,9.8,10.5
Never Split the Difference,Chris Voss,29 Jun 2018,Paperback,12.04,"<span class=""sale-price"">12,04 €</span>"
the Silva Mind Control Method,Jose Silva,19 Apr 2022,Paperback,17.11,19.0
Strong Female Character,Fern Brady,16 Feb 2023,Hardback,20.5,21.0
The Courage To Be Disliked,Ichiro Kishimi,23 Jul 2019,Paperback,10.33,11.5
The Cut Flower Sourcebook,Rachel Siegfried,23 Mar 2023,Hardback,33.11,44.0
I Who Have Never Known Men,Jacqueline Harpman,02 May 2019,Paperback,10.57,12.5
How To Do The Work,Nicole LePera,11 Mar 2021,Paperback,14.99,21.0
Harry Potter Box Set: The Complete Collection (Children's Paperback),J. K. Rowling,01 Dec 2020,Paperback,57.39,77.0
The Stranger,Albert Camus,09 Aug 2016,Paperback,12.74,16.0
Hunting Adeline,H D Carlton,26 Jan 2022,Paperback,30.3,"<span class=""sale-price"">30,30 €</span>"
Cold Enough for Snow,Jessica Au,23 Feb 2022,Paperback,10.57,12.5
The Four Agreements,Don Miguel Ruiz,07 Nov 1997,Paperback,10.93,14.0
If We Were Villains - Illustrated Edition: The sensational TikTok Book Club pick,M. L. Rio,04 Apr 2023,Hardback,22.28,23.5
Four Thousand Weeks,Oliver Burkeman,07 Apr 2022,Paperback,11.44,13.5
Fungi of Aotearoa,Liv Sisson,02 May 2023,Paperback,33.6,"<span class=""sale-price"">33,60 €</span>"
If He Had Been with Me,Laura Nowlin,01 Dec 2019,Paperback,12.51,"<span class=""sale-price"">12,51 €</span>"
Reminders of Him,Colleen Hoover,25 Jan 2022,Paperback,12.0,"<span class=""sale-price"">12,00 €</span>"
How to Meet Your Self,Nicole LePera,08 Dec 2022,Paperback,17.99,24.5
Legends & Lattes,Travis Baldree,08 Nov 2022,Paperback,16.08,19.0
Where's Spot?,Eric Hill,16 Jun 2011,Board book,8.05,9.0
King of Wrath,Ana Huang,01 Dec 2022,Paperback,10.04,13.5
Drama Free,Nedra Glover Tawwab,28 Feb 2023,Paperback,14.99,18.5
The Power of Now,Eckhart Tolle,07 Jan 2016,Paperback,10.75,14.5
In Search of Mr Darcy,Christina Ford,20 Apr 2023,Hardback,19.37,"<span class=""sale-price"">19,37 €</span>"
If We Were Villains: The Sensational TikTok Book Club pick,M. L. Rio,13 Jun 2017,Paperback,10.79,11.5
We Don't Know Ourselves,Fintan O'Toole,01 Sep 2022,Paperback,15.41,"<span class=""sale-price"">15,41 €</span>"
Tower of Dawn (Miniature Character Collection),Sarah J. Maas,05 Nov 2019,Paperback,11.09,12.5
Stolen Focus,Johann Hari,05 Jan 2023,Paperback,12.83,14.5
A Little Life,Hanya Yanagihara,10 Mar 2017,Paperback,13.13,14.5
"Vagabond (VIZBIG Edition), Vol. 8",Takehiko Inoue,12 Feb 2015,Paperback,19.99,20.5
Have You Filled A Bucket Today?,Carol McCloud,01 Oct 2015,Paperback,10.08,11.0
Spare,Prince Harry The Duke Of Sussex,10 Jan 2023,Hardback,25.53,35.5
Letters To Milena,Franz Kafka,18 May 1999,Paperback,11.4,"<span class=""sale-price"">11,40 €</span>"
Sabai,Pailin Chongchitnant,16 Mar 2023,Hardback,28.99,30.5
How the World Really Works,Vaclav Smil,06 Oct 2022,Paperback,11.51,14.5
Conversations on Love,Natasha Lunn,03 Feb 2022,Paperback,11.47,14.5
Breath,James Nestor,08 Jul 2021,Paperback,11.45,14.5
All About Love,Bell Hooks,30 Jan 2018,Paperback,12.39,18.5
"Overlord, Vol. 15 (light novel)",Kugane Maruyama,21 Mar 2023,Hardback,20.12,"<span class=""sale-price"">20,12 €</span>"
Haunting Adeline,H D Carlton,12 Aug 2021,Paperback,32.38,"<span class=""sale-price"">32,38 €</span>"
Open Circuits,Windell Oskay,03 Nov 2022,Hardback,32.35,41.0
Heaven Official's Blessing: Tian Guan Ci Fu (Novel) Vol. 3,Mo Xiang Tong Xiu,12 Jul 2022,Paperback,15.14,21.0
Berserk Deluxe Volume 1,Kentaro Miura,25 Apr 2019,Hardback,54.99,58.5
How to Win Friends and Influence People,Dale Carnegie,16 May 2011,Paperback,10.44,11.5
Chip War,Chris Miller,04 Oct 2022,Paperback,17.16,18.5
The Final Gambit,Jennifer Barnes,01 Sep 2022,Paperback,14.09,"<span class=""sale-price"">14,09 €</span>"
Giovanni's Room,James Baldwin,26 Oct 2012,Paperback,8.88,10.5
The Alchemist,Paulo Coelho,01 Jun 2020,Paperback,9.59,10.5
Never Never,Colleen Hoover,28 Feb 2023,Paperback,10.67,11.5
"Solo Leveling, Vol. 6",Chugong,21 Mar 2023,Paperback,20.31,"<span class=""sale-price"">20,31 €</span>"
Tokyo Ghoul Complete Box Set,,18 Oct 2018,Paperback,106.56,133.5
A Pilgrim's Guide to the Camino De Santiago,John Brierley,25 Jan 2023,Paperback,24.1,31.0
Convenience Store Woman,Sayaka Murata,05 Aug 2019,Paperback,9.49,11.5
Lead Sister,Lucy O'Brien,02 Mar 2023,Hardback,25.22,27.0
Hold on to Your Kids,Gabor Mate,03 Jan 2019,Paperback,14.99,16.0
Heaven Official's Blessing: Tian Guan Ci Fu (Novel) Vol. 2,Mo Xiang Tong Xiu,15 Feb 2022,Paperback,14.99,21.0
Grandmaster of Demonic Cultivation: Mo Dao Zu Shi (Novel) Vol. 3,Mo Xiang Tong Xiu,16 Aug 2022,Paperback,15.51,21.0
Heir of Fire (Miniature Character Collection),Sarah J. Maas,05 Nov 2019,Paperback,11.04,12.5
A Court of Thorns and Roses Paperback Box Set (5 books),Sarah J. Maas,01 Nov 2022,Paperback,48.28,61.0
This is Going to Hurt,Adam Kay,19 Apr 2018,Paperback,11.79,12.5
Chain of Thorns,Cassandra Clare,01 Feb 2023,Hardback,24.15,26.0
how sunflowers bloom under moonlight,Isabella Dorta,14 Feb 2022,Paperback,15.12,"<span class=""sale-price"">15,12 €</span>"
RecipeTin Eats: Dinner,Nagi Maehashi,27 Feb 2023,Paperback,30.11,31.0
The Ballad of Songbirds and Snakes (A Hunger Games Novel),Suzanne Collins,08 Jul 2021,Paperback,11.25,11.5
The Very Hungry Caterpillar,Eric Carle,30 Sep 2001,Board book,7.95,8.5
The Subtle Art of Not Giving a F*Ck,Mark Manson,13 Sep 2017,Paperback,17.68,21.5
"My Hero Academia, Vol. 33",Kohei Horikoshi,16 Mar 2023,Paperback,9.75,10.0
The Concise 48 Laws Of Power,Robert Greene,13 Jun 2002,Paperback,9.21,13.5
How Women Rise,Sally Helgesen,26 Nov 2019,Paperback,11.44,13.5
Wintering,Katherine May,12 Nov 2020,Paperback,11.45,13.5
Unmasking Autism,Devon Price,07 Apr 2022,Hardback,14.99,21.0
Time to Think,Hannah Barnes,23 Feb 2023,Hardback,21.99,24.5
Discipline Is Destiny,Ryan Holiday,27 Sep 2022,Hardback,14.06,19.5
In the Realm of Hungry Ghosts,Gabor Mate,04 Oct 2018,Paperback,14.99,16.0
Invisible Women,Caroline Criado Perez,05 Mar 2020,Paperback,12.75,14.5
Heaven Official's Blessing,Mo Xiang Tong Xiu,14 Dec 2021,Paperback,16.99,23.5
Brain Energy,Christopher M. Palmer,15 Nov 2022,Hardback,23.99,30.0
Archer's Voice,Mia Sheridan,08 Dec 2022,Paperback,14.59,19.5
The Girl Who Fell Beneath the Sea,Axie Oh,23 Feb 2023,Paperback,9.32,11.5
Sorrow and Bliss,Meg Mason,28 Apr 2022,Paperback,9.38,11.5
Mort,Terry Pratchett,13 Nov 2013,Hardback,13.31,18.5
A Man Called Ove,Fredrik Backman,07 May 2015,Paperback,10.9,11.5
Daisy Haites,Jessa Hastings,15 Dec 2022,Paperback,12.38,16.0
"Crucial Conversations: Tools for Talking When Stakes are High, Third Edition",Joseph Grenny,21 Oct 2021,Paperback,18.99,20.12
The 5 Love Languages,Gary Chapman,26 Mar 2015,Paperback,14.99,15.5
"Peaceful Parent, Happy Kids",Laura Markham,28 Nov 2012,Paperback,15.6,19.0
Why We Sleep,Matthew Walker,31 Oct 2018,Paperback,11.52,14.5
Quiet,Susan Cain,31 Oct 2018,Paperback,11.49,13.5
Godkiller,Hannah Kaner,19 Jan 2023,Hardback,19.59,21.0
Good Inside,Dr Becky Kennedy,15 Sep 2022,Paperback,17.2,18.5
The Art of War,Sun Tzu,14 Oct 2011,Paperback,5.04,"<span class=""sale-price"">5,04 €</span>"
"Elden Ring Official Strategy Guide, Vol. 2 : Shards of the Shattering",Future Press,31 Mar 2023,Hardback,45.58,"<span class=""sale-price"">45,58 €</span>"
"Chainsaw Man, Vol. 1",Tatsuki Fujimoto,29 Oct 2020,Paperback,9.83,10.5
Dog Hearted,,20 Apr 2023,Paperback,16.05,"<span class=""sale-price"">16,05 €</span>"
Formula 1 Technology,Steve Rendle,30 Mar 2023,Hardback,52.88,67.0
Strange Sally Diamond,Liz Nugent,02 Mar 2023,Hardback,18.17,18.5
The Comet,Joe Todd-Stanton,03 May 2022,Hardback,12.49,16.5
The Birthday Party,Laurent Mauvignier,18 Jan 2023,Paperback,18.03,21.0
Becoming Supernatural,Dr Joe Dispenza,03 May 2019,Paperback,18.99,19.5
Fabric,Victoria Finlay,03 Nov 2022,Paperback,13.2,13.5
Mastery,Robert Greene,19 Nov 2012,Paperback,15.16,"<span class=""sale-price"">15,16 €</span>"
Twisted Tales: Charming Collection 12 Novel Treasury (Disney),,01 Jul 2022,Paperback,58.05,75.1
The Prison Healer,Lynette Noni,14 Mar 2023,Paperback,22.59,"<span class=""sale-price"">22,59 €</span>"
Yokohama Kaidashi Kikou: Deluxe Edition 1,Hitoshi Ashinano,09 Aug 2022,Paperback,23.28,26.0
Way of the Superior Man,David Deida,01 Feb 2017,Paperback,17.54,19.5
Rich Dad Poor Dad,Robert T. Kiyosaki,19 May 2022,Paperback,11.07,"<span class=""sale-price"">11,07 €</span>"
Kingdom of Ash (Miniature Character Collection),Sarah J. Maas,05 Nov 2019,Paperback,12.73,"<span class=""sale-price"">12,73 €</span>"
The Ballad of Never After,Stephanie Garber,13 Sep 2022,Hardback,15.11,21.0
Six Crimson Cranes,Elizabeth Lim,26 Jul 2022,Paperback,9.52,11.5
The Earth Transformed,Professor Peter Frankopan,02 Mar 2023,Hardback,34.99,37.0
The Windsors at War,Alexander Larman,09 Mar 2023,Hardback,28.38,31.0
Tabby McTat,Julia Donaldson,01 Dec 2020,Paperback,9.0,10.0
"Praying Like Monks, Living Like Fools",Tyler Staton,27 Oct 2022,Paperback,16.99,18.5
Magnolia Parks: The Long Way Home,Jessa Hastings,15 Dec 2022,Paperback,12.65,16.0
Educated,Tara Westover,27 Nov 2018,Paperback,12.71,13.5
All My Mothers,Joanna Glen,03 Mar 2022,Paperback,12.1,"<span class=""sale-price"">12,10 €</span>"
Still Life,Sarah Winman,03 Mar 2022,Paperback,11.39,"<span class=""sale-price"">11,39 €</span>"
101 Essays That Will Change The Way You Think,Brianna Wiest,01 Oct 2016,Paperback,29.55,"<span class=""sale-price"">29,55 €</span>"
The Art Of Seduction,Robert Greene,13 Sep 2012,Paperback,16.67,22.5
The Little Prince,Antoine de Saint-Exupery,01 Jan 1998,Paperback,5.58,7.0
Why Women Grow,Alice Vincent,02 Mar 2023,Hardback,19.99,21.0
The Artist's Way,Julia Cameron,05 Nov 2020,Paperback,16.02,18.5
Dare to Lead,Brené Brown,17 Dec 2018,Paperback,16.05,18.5
The Obstacle is the Way,Ryan Holiday,31 Oct 2018,Paperback,9.93,11.5
Blue Lock 1,Muneyuki Kaneshiro,21 Jun 2022,Paperback,12.99,14.0
The Scum Villains Self-Saving System: Ren Zha Fanpai Zijiu Xitong (Novel) Vol. 4,Mo Xiang Tong Xiu,01 Nov 2022,Book,15.16,21.0
Back in the Day,Melvyn Bragg,18 Jul 2023,Paperback,13.32,14.0
"The Boy, the Mole, the Fox and the Horse: The Animated Story",Charlie Mackesy,22 Nov 2022,Hardback,20.73,24.5
Mythos,Stephen Fry,26 Jul 2018,Paperback,12.83,14.5
The Dream Weaver's Oracle,Colette Baron-Reid,14 Mar 2023,Cards,16.05,23.63
The Light Seer's Tarot,Chris-Anne,03 Dec 2019,Cards,19.04,27.0
Medical Medium Brain Saver,Anthony William,11 Oct 2022,Hardback,39.99,49.5
Daisy Haites: The Great Undoing,Jessa Hastings,15 Dec 2022,Paperback,12.99,16.0
Hold Me Tight,Dr Sue Johnson,03 Feb 2011,Paperback,12.99,17.5
The Fair Play Deck,Eve Rodsky,27 Oct 2020,Cards,23.92,"<span class=""sale-price"">23,92 €</span>"
The Bell Jar,Sylvia Plath,15 Aug 2011,Paperback,10.18,12.5
The Man Who Died Twice,Richard Osman,12 May 2022,Paperback,11.03,11.5
In Order To Live,Yeonmi Park,07 Jul 2016,Paperback,12.66,14.5
Beyond Order,Jordan B. Peterson,05 May 2022,Paperback,12.64,14.5
Climate,Whitney Hanson,10 Nov 2022,Paperback,26.51,"<span class=""sale-price"">26,51 €</span>"
"The Dragon's Betrothed, Vol. 1",Meguru Hinohara,27 Apr 2023,Paperback,12.31,12.5
"Chainsaw Man, Vol. 6",Tatsuki Fujimoto,14 Oct 2021,Paperback,11.94,"<span class=""sale-price"">11,94 €</span>"
The 48 Laws Of Power,Robert Greene,20 Nov 2000,Paperback,17.35,24.5
The Seven Principles For Making Marriage Work,John Gottman,22 Mar 2018,Paperback,12.2,12.5
Crime and Punishment,Fyodor Dostoevsky,05 May 2000,Paperback,7.09,9.0
Loss,Donna Ashworth,04 Oct 2022,Hardback,9.39,12.5
Pyre,Perumal Murugan,04 Aug 2022,Paperback,12.11,12.5
Trapped in a Dating Sim: The World of Otome Games is Tough for Mobs (Light Novel) Vol. 2,Yomu Mishima,18 May 2021,Paperback,16.2,"<span class=""sale-price"">16,20 €</span>"
The Culture Map,Erin Meyer,27 Jan 2016,Paperback,13.39,"<span class=""sale-price"">13,39 €</span>"
Never Finished,David Goggins,06 Dec 2022,Paperback,41.48,"<span class=""sale-price"">41,48 €</span>"
Fair Play,Eve Rodsky,05 Jan 2021,Paperback,12.22,16.0
The Last Tale of the Flower Bride,Roshani Chokshi,16 Feb 2023,Hardback,19.09,21.0
Principles,Ray Dalio,06 Nov 2017,Hardback,26.35,31.0
The Light Fantastic,Terry Pratchett,07 Aug 2014,Hardback,13.59,18.5
Harry Potter and the Philosopher's Stone,J. K. Rowling,01 Sep 2014,Paperback,9.93,10.5
All Your Perfects,Colleen Hoover,31 Mar 2022,Paperback,10.02,11.5
Common Herbs for Natural Health,Juliette de Bairacli Levy,01 Oct 1996,Paperback,22.14,"<span class=""sale-price"">22,14 €</span>"
You Can Heal Your Life,Louise Hay,01 Jul 2004,Paperback,11.77,16.0
The Original Rider Waite Tarot Deck,A.E. Waite,10 Jun 1999,Cards,18.15,22.5
Bobby Fischer Teaches Chess,Bobby Fischer,01 Oct 1992,Paperback,8.12,10.0
Terms and Conditions,Lauren Asher,17 Mar 2022,Paperback,10.13,13.5
The Hitchhiker's Guide to the Galaxy,Douglas Adams,01 Nov 1995,Paperback,8.04,9.5
The Things You Can See Only When You Slow Down,Haemin Sunim,08 Feb 2018,Paperback,11.33,"<span class=""sale-price"">11,33 €</span>"
Norwegian Wood,Haruki Murakami,04 Jul 2003,Paperback,11.89,13.5
The Intelligent Investor,Benjamin Graham,23 Oct 2003,Paperback,19.71,25.5
The Virgin Suicides,Jeffrey Eugenides,13 May 2021,Paperback,9.93,11.5
Come as You Are: Revised and Updated,Emily Nagoski,02 Mar 2021,Paperback,18.18,22.0
A System So Magnificent It Is Blinding,Amanda Svensson,09 Mar 2023,Paperback,11.75,12.5
The Seven Moons of Maali Almeida,Shehan Karunatilaka,04 Aug 2022,Hardback,16.34,21.0
The One Thing,Gary Keller,10 May 2016,Paperback,10.69,14.0
Never Split the Difference,Chris Voss,23 Mar 2017,Paperback,11.44,14.5
The Shards,Bret Easton Ellis,17 Jan 2023,Paperback,17.44,19.5
The Last Thing He Told Me,Laura Dave,09 Dec 2021,Paperback,9.84,11.5
I Wish I Knew,Donna Ashworth,13 May 2022,Hardback,8.99,12.5
Atlas of the Heart,Brené Brown,01 Dec 2022,Hardback,24.43,27.0
How to make the best coffee at home,James Hoffmann,04 Oct 2022,Hardback,15.01,21.5
Empire of Storms (Miniature Character Collection),Sarah J. Maas,05 Nov 2019,Paperback,11.12,12.5
Queen of Shadows (Miniature Character Collection),Sarah J. Maas,05 Nov 2019,Paperback,11.1,12.5
Crown of Midnight (Miniature Character Collection),Sarah J. Maas,05 Nov 2019,Paperback,10.94,12.5
Maame,Jessica George,14 Feb 2023,Hardback,17.49,18.5
The Song of Achilles,Madeline Miller,02 Sep 2021,Hardback,21.76,24.5
A Court of Thorns and Roses,Sarah J. Maas,05 Jun 2020,Paperback,11.02,11.5
Heaven,Mieko Kawakami,12 May 2023,Paperback,10.55,12.5
Berserk Deluxe Volume 12,Kentaro Miura,29 Dec 2022,Hardback,54.99,60.0
Berserk Deluxe Volume 2,Kentaro Miura,09 Jul 2019,Hardback,46.95,59.0
Reaper Man,Terry Pratchett,13 Nov 2013,Hardback,13.31,18.5
Kindred,Octavia E. Butler,03 May 2018,Paperback,9.39,12.5
"Vagabond (VIZBIG Edition), Vol. 1",Takehiko Inoue,03 Jul 2014,Paperback,18.99,19.5
Dear Zoo,Rod Campbell,08 May 2007,Board book,8.32,"<span class=""sale-price"">8,32 €</span>"
House of Sky and Breath,Sarah J. Maas,15 Feb 2022,Hardback,19.79,21.0
The Hunger Games,Suzanne Collins,20 Feb 2012,Paperback,11.16,11.5
Penguin Problems,Jory John,02 Nov 2017,Paperback,9.6,10.0
"Good Girl, Bad Blood",Holly Jackson,01 May 2020,Paperback,10.44,"<span class=""sale-price"">10,44 €</span>"
Medical Medium Cleanse to Heal,Anthony William,10 Jun 2020,Hardback,37.75,"<span class=""sale-price"">37,75 €</span>"
Lessons in Chemistry,Bonnie Garmus,05 Apr 2022,Hardback,19.99,21.0
The Tools,Phil Stutz,09 Oct 2014,Paperback,16.52,19.0
Zero to One,Blake Masters,31 Oct 2018,Paperback,11.87,16.5
Recovering,Richie Sadlier,22 Jul 2020,Paperback,15.37,18.0
Warbreaker,Brandon Sanderson,29 Dec 2011,Paperback,11.99,14.0
Conversations with Friends,Sally Rooney,01 Mar 2018,Paperback,9.52,11.5
Lockwood & Co: The Whispering Skull,Jonathan Stroud,26 Feb 2015,Paperback,10.42,"<span class=""sale-price"">10,42 €</span>"
"Set Boundaries, Find Peace",Nedra Glover Tawwab,30 Mar 2021,Paperback,13.99,18.5
Mating in Captivity,Esther Perel,20 Sep 2007,Paperback,12.39,13.5
Book Lovers,Emily Henry,12 May 2022,Paperback,10.94,11.5
The Myth of Sisyphus,Albert Camus,01 Oct 2005,Paperback,8.05,9.0
Sapiens,Yuval Noah Harari,30 Apr 2015,Paperback,14.63,"<span class=""sale-price"">14,63 €</span>"
Who Moved My Cheese,Dr Spencer Johnson,31 Oct 2018,Paperback,8.04,8.5
The Adventures of Amina Al-Sirafi,Shannon Chakraborty,28 Feb 2023,Hardback,28.13,"<span class=""sale-price"">28,13 €</span>"
Flow,Mihaly Csikszentmihalyi,24 Jun 2011,Paperback,9.53,"<span class=""sale-price"">9,53 €</span>"
The Last Bear,Hannah Gold,06 Jan 2022,Paperback,9.28,"<span class=""sale-price"">9,28 €</span>"
Assassin's Quest,Robin Hobb,19 Dec 2017,Paperback,13.37,14.0
The Tiger Who Came to Tea,Judith Kerr,06 Feb 2006,Paperback,9.05,10.0
To Photograph Is to Learn How to Die,Tim Carpenter,24 Jan 2023,Paperback,19.63,23.5
A Dictionary of Color Combinations,,17 Mar 2011,Paperback,23.0,"<span class=""sale-price"">23,00 €</span>"
Watercolor Blumen Step by Step,Natalie Selinski,17 Mar 2023,Paperback,19.01,19.99
The Book of Symbols. Reflections on Archetypal Images,Archive for Research in Archetypal Symbolism (ARAS),09 Sep 2022,Hardback,24.26,"<span class=""sale-price"">24,26 €</span>"
A Path through the Jungle,Professor Steve Peters,19 Oct 2021,Paperback,18.22,19.0
"Bungo Stray Dogs, Vol. 8 (light novel)",Kafka Asagiri,28 Jun 2022,Paperback,15.94,"<span class=""sale-price"">15,94 €</span>"
"Spy x Family, Vol. 1",Tatsuya Endo,25 Jun 2020,Paperback,9.49,10.5
Team Topologies,Matthew Skelton,17 Sep 2019,Paperback,22.03,23.5
Botanical Curses And Poisons,Fez Inkwright,16 Feb 2021,Hardback,14.99,16.0
What If?,Randall Munroe,04 Aug 2022,Paperback,10.64,14.5
Damascus Station,David McCloskey,26 Jan 2023,Paperback,13.34,"<span class=""sale-price"">13,34 €</span>"
Cain's Jawbone,Ernest Powys Mathers,08 Jul 2021,Paperback,9.99,11.99
Mbappe (Ultimate Football Heroes - the No. 1 football series),Matt & Tom Oldfield,27 Dec 2018,Paperback,7.43,9.0
The Three-Body Problem,Cixin Liu,01 Feb 2016,Paperback,13.22,"<span class=""sale-price"">13,22 €</span>"
The Maria Thun Biodynamic Calendar 2023: 2023,Titia Thun,15 Sep 2022,Paperback,9.68,10.0
The Laws of Human Nature,Robert Greene,24 Oct 2018,Paperback,17.42,"<span class=""sale-price"">17,42 €</span>"
Some Kind of Perfect,Krista Ritchie,18 Jul 2022,Paperback,27.93,"<span class=""sale-price"">27,93 €</span>"
Death to Jar Sauce,Nat's What I Reckon,16 Nov 2021,Paperback,20.3,21.0
Before We Were Strangers,Renee Carlino,24 Nov 2022,Paperback,11.06,11.5
Grandmaster of Demonic Cultivation,Mo Xiang Tong Xiu,14 Dec 2021,Paperback,16.99,23.5
House of Earth and Blood ( Crescent City ),Sarah Maas,02 Mar 2021,Paperback,18.43,19.0
"The Sun, the Sea and the Stars",Iulia Bochis,01 Sep 2022,Hardback,28.14,"<span class=""sale-price"">28,14 €</span>"
On Earth We're Briefly Gorgeous,Ocean Vuong,17 Sep 2020,Paperback,10.59,13.5
I Want to Die but I Want to Eat Tteokbokki,Baek Sehee,23 Jun 2022,Hardback,13.84,16.5
A Court of Silver Flames,Sarah J. Maas,26 May 2022,Paperback,12.22,13.5
The Montessori Baby,Simone Davies,11 May 2021,Paperback,15.99,17.95
Shadow and Bone: Shadow and Bone,Leigh Bardugo,28 Jun 2018,Paperback,9.43,10.5
The Nightingale,Kristin Hannah,05 Oct 2017,Paperback,11.98,12.5
Berserk Deluxe Volume 5,Kentaro Miura,26 Jul 2020,Hardback,54.99,59.0
The Witcher Boxed Set,Andrzej Sapkowski,01 Oct 2020,Paperback,62.69,96.0
Elantris,Brandon Sanderson,08 Sep 2016,Paperback,10.9,14.0
"Vagabond (VIZBIG Edition), Vol. 3",Takehiko Inoue,11 Sep 2014,Paperback,18.99,20.0
How To Solve The Rubik's Cube,Rubik's Cube,01 Apr 2020,Paperback,9.06,"<span class=""sale-price"">9,06 €</span>"
"Medical Medium Brain Saver Protocols, Cleanses & Recipes",Anthony William,11 Oct 2022,Hardback,35.99,44.0
The Kiss of Deception,Mary E. Pearson,15 Sep 2022,Paperback,10.16,12.5
Polyvagal Card Deck,Deb Dana,27 Sep 2022,Cards,18.99,20.0
Cobalt Red,Siddharth Kara,20 Mar 2023,Hardback,25.11,31.0
A Psalm for the Wild-Built,Becky Chambers,13 Jul 2021,Hardback,17.49,22.0
The Shadow and Bone Trilogy Boxed Set,Leigh Bardugo,14 Nov 2017,Paperback,32.01,34.0
Women Talking,Miriam Toews,19 Jan 2023,Paperback,11.5,"<span class=""sale-price"">11,50 €</span>"
Lockwood & Co: The Screaming Staircase,Jonathan Stroud,03 Jul 2014,Paperback,10.4,"<span class=""sale-price"">10,40 €</span>"
Meditations,Marcus Aurelius,01 Feb 1998,Paperback,4.47,5.0
The Woman Destroyed,Simone de Beauvoir,01 Sep 1987,Paperback,15.05,18.0
Play Therapy,Virginia M. Axline,12 Dec 1981,Paperback,10.83,"<span class=""sale-price"">10,83 €</span>"
The Island of Missing Trees,Elif Shafak,07 Apr 2022,Paperback,10.33,13.5
SINISTER SPRING: Murder and Mystery from the Queen of Crime,Agatha Christie,02 Mar 2023,Hardback,16.09,18.5
The Adventures of Amina Al-Sirafi,Shannon Chakraborty,02 Mar 2023,Hardback,20.42,"<span class=""sale-price"">20,42 €</span>"
The Poppy War,R.F. Kuang,18 Oct 2018,Paperback,12.15,12.5
Royal Assassin,Robin Hobb,27 Mar 2014,Paperback,13.13,14.0
"Re:ZERO -Starting Life in Another World-, Vol. 21 (light novel)",Tappei Nagatsuki,21 Mar 2023,Paperback,15.72,16.0
Rascal Does Not Dream of a Lost Singer (light novel),Hajime Kamoshida,21 Mar 2023,Paperback,15.8,16.0
"Chainsaw Man, Vol. 9",Tatsuki Fujimoto,31 Mar 2022,Paperback,9.02,10.5
Breaking the Habit of Being Yourself,Dr Joe Dispenza,10 Mar 2016,Paperback,14.99,18.5
On Becoming a Person,Carl Rogers,01 Aug 1977,Paperback,14.99,16.0
Giraffes Can't Dance,Giles Andreae,01 May 2014,Paperback,6.93,9.0
Speaking Bones,Ken Liu,05 Jan 2023,Paperback,15.9,"<span class=""sale-price"">15,90 €</span>"
The Things We Leave Unfinished,Rebecca Yarros,24 Nov 2022,Paperback,11.17,"<span class=""sale-price"">11,17 €</span>"
Escaping from Eden,Paul Wallis,01 May 2020,Paperback,10.13,11.5
Lonely Planet Japan,Lonely Planet,08 Mar 2022,Paperback,19.61,23.5
Bunny,Mona Awad,06 Feb 2020,Paperback,13.17,13.5
"Good Vibes, Good Life",Vex King,04 Dec 2018,Paperback,11.99,14.0
Homo Deus,Yuval Noah Harari,06 Apr 2017,Paperback,13.02,14.5
Work Your Light Oracle Cards,Rebecca Campbell,09 Nov 2020,Cards,17.37,25.0
Queer Chameleon and Friends,Amee Wilson,14 Feb 2023,Hardback,26.9,"<span class=""sale-price"">26,90 €</span>"
Un-cook Yourself,Nat's What I Reckon,01 Jun 2022,Paperback,18.06,18.5
Hunger Games 4 Book Boxed Set,Suzanne Collins,01 Oct 2020,Paperback,52.03,62.57
Praise,Sara Cate,14 Feb 2023,Paperback,13.03,"<span class=""sale-price"">13,03 €</span>"
Last Violent Call,Chloe Gong,28 Feb 2023,Hardback,20.98,"<span class=""sale-price"">20,98 €</span>"
Grandmaster of Demonic Cultivation: Mo Dao Zu Shi (Novel) Vol. 2,Mo Xiang Tong Xiu,17 May 2022,Paperback,14.89,21.0
Do You Like Big Girls? Vol. 6,Goro Aizome,21 Mar 2023,Paperback,13.84,15.0
Mushoku Tensei: Jobless Reincarnation (Light Novel) Vol. 18,Rifujin Na Magonote,25 Oct 2022,Paperback,12.37,15.0
I Will Teach You To Be Rich (2nd Edition),Ramit Sethi,30 Apr 2020,Paperback,16.29,21.0
The Seven Sisters,Lucinda Riley,01 Nov 2018,Paperback,11.45,"<span class=""sale-price"">11,45 €</span>"
A Court of Wings and Ruin,Sarah J. Maas,05 Jun 2020,Paperback,11.38,11.5
A Court of Mist and Fury,Sarah J. Maas,06 Jun 2020,Paperback,11.47,"<span class=""sale-price"">11,47 €</span>"
The Queen of Nothing (The Folk of the Air #3),Holly Black,23 Jul 2020,Paperback,9.19,10.5
Shoe Dog,Phil Knight,03 May 2018,Paperback,11.9,13.5
The Great Alone,Kristin Hannah,10 Jan 2019,Paperback,11.18,"<span class=""sale-price"">11,18 €</span>"
Heartstopper Volume 1,Alice Oseman,02 Feb 2023,Hardback,15.23,21.0
"Vagabond (VIZBIG Edition), Vol. 9",Takehiko Inoue,12 Mar 2015,Paperback,18.99,20.0
"Vagabond (VIZBIG Edition), Vol. 5",Takehiko Inoue,06 Nov 2014,Paperback,18.96,20.0
"Nana, Vol. 1",Ai Yazawa,03 Mar 2008,Paperback,8.98,10.0
Expecting Better,Emily Oster,09 Aug 2018,Paperback,8.59,12.5
Circe,Madeline Miller,24 Apr 2019,Paperback,11.84,12.5
Harry Potter and the Order of the Phoenix,J.K. Rowling,11 Oct 2022,Hardback,37.07,50.5
The Love Hypothesis,Ali Hazelwood,21 Oct 2021,Paperback,9.39,11.5
A Million Kisses In Your Lifetime,Monica Murphy,01 Sep 2022,Paperback,11.95,13.5
Allen Carr's Easy Way to Stop Smoking,Allen Carr,24 Sep 2015,Paperback,11.45,13.5
The Heart of Betrayal,Mary E. Pearson,15 Sep 2022,Paperback,10.16,12.5
The Hardest Fall,Ella Maise,27 Oct 2022,Paperback,11.15,11.5
It Starts with Us,Colleen Hoover,18 Oct 2022,Hardback,15.73,18.5
Rider-Waite Tarot Deck,Pamela Colman Smith,01 Mar 2003,Cards,21.9,24.0
She and her Cat,Makoto Shinkai,06 Oct 2022,Hardback,10.72,13.5
The Inheritance Games,Jennifer Lynn Barnes,27 Jul 2021,Paperback,12.83,"<span class=""sale-price"">12,83 €</span>"
Yearbook,Seth Rogen,07 Mar 2023,Paperback,9.99,12.5
Addicted For Now,Krista Ritchie,21 Mar 2023,Paperback,17.66,18.0
Enchantment,Katherine May,09 Mar 2023,Hardback,21.8,"<span class=""sale-price"">21,80 €</span>"
Women Talking,Miriam Toews,23 Jul 2019,Paperback,10.64,13.5
Lockwood & Co: The Hollow Boy,Jonathan Stroud,24 Sep 2015,Paperback,10.36,10.5
Infinite Jest,David Foster Wallace,30 Sep 2008,Paperback,12.74,16.0
The Hawthorne Legacy,Jennifer Lynn Barnes,02 Aug 2022,Paperback,12.85,"<span class=""sale-price"">12,85 €</span>"
Manifest,Roxie Nafousi,06 Jan 2022,Hardback,16.18,21.0
The Subtle Art of Not Giving a F*ck,Mark Manson,17 Nov 2016,Hardback,19.01,25.5
"Predictably Irrational, Revised",Dr Dan Ariely,24 Jun 2011,Paperback,11.06,"<span class=""sale-price"">11,06 €</span>"
On Writing Well,William Zinsser,05 Apr 2016,Paperback,15.26,23.6
Assassin's Apprentice,Robin Hobb,27 Mar 2014,Paperback,11.96,12.5
The Longest Race,Kara Goucher,14 Mar 2023,Hardback,28.17,29.0
"Bungo Stray Dogs, Vol. 7 (light novel)",Kafka Asagiri,18 Jan 2022,Paperback,13.64,15.0
"Kaiju No. 8, Vol. 5",Naoya Matsumoto,16 Mar 2023,Paperback,9.84,10.5
"JoJo's Bizarre Adventure: Part 5--Golden Wind, Vol. 7",Hirohiko Araki,30 Mar 2023,Hardback,20.13,"<span class=""sale-price"">20,13 €</span>"
"Chainsaw Man, Vol. 8",Tatsuki Fujimoto,03 Mar 2022,Paperback,9.02,11.0
"Hell's Paradise: Jigokuraku, Vol. 2",Yuji Kaku,11 Jun 2020,Paperback,12.17,12.5
Scaling People,Claire Hughes Johnson,20 Apr 2023,Hardback,29.23,"<span class=""sale-price"">29,23 €</span>"
The Warning,Christine Watkins,08 Oct 2019,Paperback,19.01,"<span class=""sale-price"">19,01 €</span>"
Maybe You Should Talk to Someone,Lori Gottlieb,01 Dec 2022,Paperback,12.85,13.5
Nonviolent Communication: A Language of Life,Marshall B. Rosenberg,28 Dec 2015,Paperback,31.1,"<span class=""sale-price"">31,10 €</span>"
The World for Sale,Javier Blas,10 Mar 2022,Paperback,12.77,14.5
All the Beauty in the World,Patrick Bringley,16 Mar 2023,Hardback,20.28,24.5
Feminism Against Progress,Mary Harrington,02 Mar 2023,Hardback,20.55,21.0
The Invisible Life of Addie LaRue,V. E. Schwab,14 Mar 2023,Paperback,12.25,13.5
The Starseed Oracle,Rebecca Campbell,13 Jan 2020,Cards,17.53,29.0
The Denial of Death,Ernest Becker,05 Mar 2020,Paperback,13.35,14.0
Food for Life,Tim Spector,15 Mar 2023,Hardback,24.99,27.0
Messi (Ultimate Football Heroes - the No. 1 football series),Matt & Tom Oldfield,01 Nov 2017,Paperback,7.5,9.0
Life,Donna Ashworth,04 Oct 2022,Hardback,9.99,12.5
The Tools,Phil Stutz,22 Dec 2022,Paperback,13.83,16.0
My Year of Rest and Relaxation,Ottessa Moshfegh,02 May 2019,Paperback,10.63,13.5
After the Fall,Dan Santat,01 Mar 2018,Paperback,8.5,10.0
Six of Crows,Leigh Bardugo,02 Jun 2016,Paperback,9.62,11.5
Batman Vol. 1: Failsafe,Chip Zdarsky,04 Apr 2023,Hardback,37.57,"<span class=""sale-price"">37,57 €</span>"
Ninja Kid 1-8: the Amazing Ninja Pack!,Anh Do,01 Oct 2022,Paperback,47.86,56.32
Gen F'd?,Alison Pennington,25 May 2023,Paperback,28.13,"<span class=""sale-price"">28,13 €</span>"
Good Power,Ginni Rometty,07 Mar 2023,Hardback,31.0,"<span class=""sale-price"">31,00 €</span>"
The Overthinking Cure,Nick Trenton,30 Nov 2021,Paperback,16.22,17.0
Accessing the Healing Power of the Vagus Nerve,Stanley Rosenbery,09 Apr 2018,Paperback,34.94,"<span class=""sale-price"">34,94 €</span>"
Gender Queer: A Memoir,Maia Kobabe,28 May 2019,Paperback,17.7,20.5
Star Wars Jedi: Battle Scars,Sam Maggs,07 Mar 2023,Hardback,22.99,27.0
A Radical Awakening,Dr Shefali Tsabary,18 May 2021,Paperback,14.11,18.5
The House in the Cerulean Sea,Tj Klune,16 Sep 2021,Paperback,11.92,13.5
The Happiest Man on Earth,Eddie Jaku,20 Jan 2022,Paperback,11.41,14.0
This is Going to Hurt,Adam Kay,03 Mar 2022,Paperback,9.87,11.5
Stories of Your Life and Others,Ted Chiang,11 Jun 2020,Paperback,11.86,12.5
Throne of Glass Paperback Box Set,Sarah J. Maas,07 Oct 2021,Paperback,70.63,87.5
The Real Anthony Fauci,Robert F. Kennedy Jr.,28 Apr 2022,Hardback,22.94,23.5
Range,David Epstein,01 Oct 2020,Paperback,12.7,14.5
Berserk Deluxe Volume 3,Kentaro Miura,07 Nov 2019,Hardback,56.99,59.0
Time Shelter,Georgi Gospodinov,30 Mar 2023,Paperback,12.2,"<span class=""sale-price"">12,20 €</span>"
The Miracle Morning,Hal Elrod,27 Mar 2018,Paperback,11.42,14.0
The Conscious Parent,Dr Shefali Tsabary,15 Jan 2015,Paperback,19.96,21.3
Ninth House,Leigh Bardugo,20 Oct 2020,Paperback,9.51,11.5
The Colour of Magic,Terry Pratchett,07 Aug 2014,Hardback,13.22,18.5
Men At Arms,Terry Pratchett,13 Mar 2014,Hardback,13.99,18.5
Sourcery,Terry Pratchett,06 Feb 2014,Hardback,13.89,18.5
Hogfather,Terry Pratchett,01 Dec 2017,Hardback,13.39,18.5
Elektra,Jennifer Saint,19 Jan 2023,Paperback,9.39,11.5
Stellarlune,Shannon Messenger,08 Nov 2022,Paperback,10.7,"<span class=""sale-price"">10,70 €</span>"
Confess,Colleen Hoover,19 Oct 2015,Paperback,10.04,11.5
On Writing,Stephen King,01 Sep 2020,Paperback,10.63,14.0
"Death Note Black Edition, Vol. 5",Tsugumi Ohba,15 Sep 2011,Paperback,13.96,"<span class=""sale-price"">13,96 €</span>"
"Vagabond (VIZBIG Edition), Vol. 7",Takehiko Inoue,01 Jan 2015,Paperback,19.05,20.0
Harry Potter and the Half-Blood Prince,J. K. Rowling,01 Sep 2014,Paperback,10.99,11.5
The Koala Who Could,Rachel Bright,17 Feb 2017,Paperback,7.09,9.5
Zog,Julia Donaldson,14 Mar 2017,Paperback,8.35,10.0
Superworm,Julia Donaldson,07 Jul 2016,Paperback,8.9,10.0
Things I Wanted To Say,Monica Murphy,09 Mar 2023,Paperback,12.21,12.5
Unnatural Causes,Dr Richard Shepherd,24 Sep 2019,Paperback,12.78,14.0
The Beauty of Darkness,Mary E. Pearson,15 Sep 2022,Paperback,10.38,12.5
Beyond Supervet: How Animals Make Us The Best We Can Be,Professor Noel Fitzpatrick,02 Mar 2023,Paperback,10.9,11.5
Shuna's Journey,Hayao Miyazaki,01 Nov 2022,Hardback,17.85,29.0
Once Upon a Broken Heart,Stephanie Garber,28 Sep 2021,Hardback,20.83,"<span class=""sale-price"">20,83 €</span>"
The Little Book of Common Sense Investing,John C. Bogle,08 Dec 2017,Hardback,17.99,21.4
From Lukov with Love,Mariana Zapata,30 Aug 2022,Paperback,10.15,13.5
Secrets of Natural Success,William Whitecloud,12 Jul 2019,Paperback,16.95,"<span class=""sale-price"">16,95 €</span>"
Steal Like an Artist,Austin Kleon,01 May 2012,Paperback,12.99,"<span class=""sale-price"">12,99 €</span>"
Beautiful Oops!,Barney Saltzberg,01 Oct 2010,Hardback,15.75,"<span class=""sale-price"">15,75 €</span>"
Easter Story Sticker Book,Heather Amery,01 Feb 2011,Paperback,7.5,"<span class=""sale-price"">7,50 €</span>"
The Hunger Games 4 Book Paperback Box Set,Suzanne Collins,02 Sep 2021,Paperback,35.3,44.0
Unreasonable Hospitality,Will Guidara,25 Oct 2022,Hardback,28.99,30.0
The Way of Kings Part Two,Brandon Sanderson,16 Jun 2011,Paperback,10.22,12.5
"Beautiful World, Where Are You",Sally Rooney,07 Jun 2022,Paperback,9.54,11.5
Old God's Time,Sebastian Barry,02 Mar 2023,Hardback,31.44,"<span class=""sale-price"">31,44 €</span>"
Be Here Now,Ram Dass,23 Nov 2015,Paperback,16.53,"<span class=""sale-price"">16,53 €</span>"
The Richest Man In Babylon,George S Clason,31 Oct 2018,Paperback,9.42,11.0
All Quiet on the Western Front,Erich Maria Remarque,01 Jun 1995,Paperback,8.2,10.0
Man and His Symbols,Carl G. Jung,01 Jun 1997,Paperback,10.31,"<span class=""sale-price"">10,31 €</span>"
Polyvagal Exercises for Safety and Connection,Deb Dana,28 Apr 2020,Paperback,19.48,"<span class=""sale-price"">19,48 €</span>"
The Unabridged Journals of Sylvia Plath,Sylvia Plath,17 Oct 2000,Paperback,20.89,23.0
Die With Zero,Bill Perkins,16 Aug 2021,Paperback,15.95,20.0
Leviathan Falls,James S. A. Corey,09 Feb 2023,Paperback,10.86,14.5
The Fifth Season,N. K. Jemisin,05 Oct 2016,Paperback,10.16,12.5
Hags,Victoria Smith,02 Mar 2023,Hardback,20.49,24.5
Heartless,Elsie Silver,06 Apr 2023,Paperback,12.5,"<span class=""sale-price"">12,50 €</span>"
Flawless,Elsie Silver,06 Apr 2023,Paperback,12.5,"<span class=""sale-price"">12,50 €</span>"
The Opposite of Worry,Lawrence J. Cohen,10 Sep 2013,Paperback,15.11,17.5
The Huge Bag of Worries,Virginia Ironside,06 Jan 2011,Paperback,8.5,9.0
The Light We Carry,Michelle Obama,15 Nov 2022,Hardback,23.15,31.5
Why Has Nobody Told Me This Before?,Julie Smith,06 Jan 2022,Hardback,17.76,21.0
The Marriage Question,Clare Carlisle,23 Mar 2023,Hardback,31.0,"<span class=""sale-price"">31,00 €</span>"
One,Jamie Oliver,01 Sep 2022,Hardback,27.05,35.5
Daring Greatly,Brené Brown,25 Jan 2016,Paperback,10.63,12.5
My Name Is Lucy Barton,Elizabeth Strout,02 Mar 2017,Paperback,9.77,11.5
Otherlands,Thomas Halliday,02 Feb 2023,Paperback,12.8,14.5
The Very Hungry Caterpillar: Little Learning Library,Eric Carle,10 Jan 2011,Board book,8.75,"<span class=""sale-price"">8,75 €</span>"
Discourses and Selected Writings,Epictetus,25 Nov 2008,Paperback,10.66,12.5
A Gentleman in Moscow,Amor Towles,02 Nov 2017,Paperback,12.02,13.5
Brave New World,Aldous Huxley,07 Jun 2011,Paperback,10.62,12.5
Babel,R F Kuang,23 Aug 2022,Hardback,18.2,"<span class=""sale-price"">18,20 €</span>"
Vera Wong's Unsolicited Advice for Murderers,Jesse Sutanto,16 Mar 2023,Paperback,9.86,11.5
Babel,R.F. Kuang,01 Sep 2022,Hardback,19.51,21.0
Letters from a Stoic,Lucius Seneca,17 Sep 2020,Paperback,5.36,"<span class=""sale-price"">5,36 €</span>"
The Burning God,R.F. Kuang,28 Oct 2021,Paperback,12.3,12.5
Raising Boys in the 21st Century,Steve Biddulph,19 Apr 2018,Paperback,13.74,16.0
The Dragon Republic,R.F. Kuang,06 Aug 2020,Paperback,12.33,12.5
How to Build a Car,Adrian Newey,02 Nov 2017,Hardback,31.38,37.0
Talk To Me In Korean Level 1 (downloadable Audio Files Included),Talktomeinkorean Talktomeinkorean,28 Dec 2015,Paperback,18.77,24.9
The War of Art,Steven Pressfield (Author),02 Nov 2022,Paperback,15.93,18.8
World Radio TV Handbook 2023 2023,,01 Mar 2023,Paperback,37.57,45.59
Christl Vogls Ausmalreise - Abenteuer der Blütenelfen,Christl Vogl,13 Mar 2023,Paperback,13.38,"<span class=""sale-price"">13,38 €</span>"
The Rainbow Fish,Marcus Pfister,01 Jul 2012,Paperback,9.3,"<span class=""sale-price"">9,30 €</span>"
Sword Art Online 26 (light novel),Reki Kawahara,21 Mar 2023,Paperback,15.8,16.0
"The Eminence in Shadow, Vol. 4 (light novel)",Daisuke Aizawa,07 Jun 2022,Hardback,18.99,19.5
"Call of the Night, Vol. 11",Kotoyama,30 Mar 2023,Paperback,10.31,"<span class=""sale-price"">10,31 €</span>"
"Spy x Family, Vol. 2",Tatsuya Endo,17 Sep 2020,Paperback,9.65,10.0
The Matter With Things 2023,Iain McGilchrist,01 Mar 2023,Paperback,81.03,"<span class=""sale-price"">81,03 €</span>"
The Seven Moons of Maali Almeida,Shehan Karunatilaka,06 Apr 2023,Paperback,13.5,"<span class=""sale-price"">13,50 €</span>"
The Luminaries (Man Booker Prize winner 2013),Eleanor Catton,03 Apr 2014,Paperback,11.35,12.99
Happy Hour,Marlowe Granados,07 Sep 2021,Paperback,13.79,14.0
The Emotional Lives of Teenagers,Lisa Damour,23 Feb 2023,Paperback,19.2,"<span class=""sale-price"">19,20 €</span>"
Disney Villains Happily Never After: Vanessa,Autumn Publishing,30 Apr 2023,Paperback,10.97,"<span class=""sale-price"">10,97 €</span>"
Nettle & Bone,T. Kingfisher,01 May 2023,Paperback,11.19,11.5
Three Widows,Patricia Gibney,10 Feb 2023,Paperback,18.0,"<span class=""sale-price"">18,00 €</span>"
The Housemaid,Freida McFadden,26 Apr 2022,Paperback,13.65,"<span class=""sale-price"">13,65 €</span>"
Woodwitch,Skye McKenna,02 Mar 2023,Hardback,15.54,16.0
Gateway of Light Activation Oracle,Kyle Gray,23 Nov 2021,Cards,19.95,"<span class=""sale-price"">19,95 €</span>"
Cribsheet,Emily Oster,09 Apr 2020,Paperback,11.21,14.5
Prisoners of Geography,Tim Marshall,02 Jun 2016,Paperback,11.94,12.5
Ego is the Enemy,Ryan Holiday,31 Oct 2018,Paperback,9.79,12.5
I Didn't Mean to Fall in Love,Minta Suzumaru,14 Mar 2023,Paperback,14.95,16.0
Somatic Psychotherapy Toolbox,Manuela Mischke Reeds,17 Jul 2018,Paperback,33.16,"<span class=""sale-price"">33,16 €</span>"
2.5 Dimensional Seduction Vol. 5,Yu Hashimoto,21 Mar 2023,Paperback,11.73,15.0
Throne of Glass (Miniature Character Collection),Sarah J. Maas,05 Nov 2019,Paperback,11.36,12.5
Seven Days in June,Tia Williams,07 Jun 2022,Paperback,9.98,12.5
This is How You Lose the Time War,Amal El-Mohtar,18 Jul 2019,Paperback,10.89,14.5
Kingdom of the Cursed,Kerri Maniscalco,30 Aug 2022,Paperback,9.53,11.5
The Ruthless Elimination of Hurry,John Mark Comer,31 Oct 2019,Paperback,18.1,18.5
Project Hail Mary,Andy Weir,06 Oct 2022,Paperback,12.04,12.5
Nightbitch,Rachel Yoder,07 Jul 2022,Paperback,10.62,13.5
Empire of Pain,Patrick Radden Keefe,03 Mar 2022,Paperback,12.93,14.5
Clarity & Connection,Yung Pueblo,02 Jul 2021,Paperback,12.34,19.5
The Body Is Not an Apology,Sonya Renee Taylor,09 Feb 2021,Paperback,18.99,20.0
The Shadow and Bone: Siege and Storm,Leigh Bardugo,28 Jun 2018,Paperback,8.86,10.5
Madvillain's Madvillainy,Will Hagle,09 Mar 2023,Paperback,15.84,"<span class=""sale-price"">15,84 €</span>"
Complex PTSD,Pete Walker,13 Dec 2013,Paperback,35.01,"<span class=""sale-price"">35,01 €</span>"
Percy Jackson and the Olympians,Rick Riordan,03 Jun 2014,Paperback,35.49,36.5
Notes on an Execution,Danya Kukafka,05 Jan 2023,Paperback,10.05,12.5
Mad Honey,Jodi Picoult,15 Nov 2022,Hardback,19.23,21.0
The First Law Trilogy Boxed Set,Joe Abercrombie,28 May 2015,Paperback,35.28,"<span class=""sale-price"">35,28 €</span>"
A Thousand Mornings,Mary Oliver,05 Apr 2018,Paperback,10.84,12.5
The Happiness Trap 2nd Edition,Russ Harris,07 Apr 2022,Paperback,14.49,16.0
The Cruel Prince (The Folk of the Air),Holly Black,26 Jul 2018,Paperback,12.83,"<span class=""sale-price"">12,83 €</span>"
Fahrenheit 451,Ray Bradbury,23 May 2012,Paperback,9.25,10.0
Children of Time,Adrian Tchaikovsky,10 Oct 2016,Paperback,12.99,14.0
Marcy's Journal,Adam Colás,06 Dec 2022,Paperback,16.89,18.0
Uzumaki (3-in-1 Deluxe Edition),Junji Ito,21 Nov 2013,Hardback,26.95,29.0
"Death Note Black Edition, Vol. 3",Tsugumi Ohba,12 May 2011,Paperback,13.96,"<span class=""sale-price"">13,96 €</span>"
Love on the Brain,Ali Hazelwood,23 Aug 2022,Paperback,9.37,11.5
The Private Life of Spies,Alexander McCall Smith,09 Feb 2023,Hardback,20.49,21.0
A Thousand Boy Kisses,Tillie Cole,04 Aug 2022,Paperback,10.69,12.5
Crystal Ball Pocket Oracle,Athene Noctua,21 Mar 2023,Cards,8.86,9.44
The Archangel Michael Sword of Light Oracle,Radleigh Valentine,11 Oct 2022,Cards,26.75,"<span class=""sale-price"">26,75 €</span>"
Tress of the Emerald Sea,Brandon Sanderson,04 Apr 2023,Hardback,27.0,"<span class=""sale-price"">27,00 €</span>"
One True Loves,Taylor Jenkins Reid,20 Jan 2022,Paperback,9.89,11.5
The Language of Food,Annabel Abbs,02 Mar 2023,Paperback,11.5,"<span class=""sale-price"">11,50 €</span>"
Gideon the Ninth,Tamsyn Muir,14 Jul 2020,Paperback,13.99,16.99
The Green Gardening Handbook,Nancy Birtwhistle,11 Jul 2023,Hardback,17.11,18.5
Speak Italian,Bruno Munari,01 Apr 2005,Paperback,13.99,14.5
Rhythm of War,Brandon Sanderson,28 Jun 2022,Paperback,13.84,"<span class=""sale-price"">13,84 €</span>"
Breaking Point,Edel Coffey,17 Oct 2023,Paperback,9.96,19.0
Kali Oracle,Alana Fairchild,11 Feb 2021,Mixed media product,20.79,21.65
Kitchen,Banana Yoshimoto,01 Mar 2018,Paperback,10.12,12.5
Lockwood & Co: The Empty Grave,Jonathan Stroud,21 Sep 2017,Paperback,10.5,"<span class=""sale-price"">10,50 €</span>"
Red Notice,Bill Browder,11 Feb 2016,Paperback,12.79,13.5
Powerless,Elsie Silver,06 Apr 2023,Paperback,12.5,"<span class=""sale-price"">12,50 €</span>"
Heartburn,Nora Ephron,09 Mar 2023,Hardback,18.05,18.5
Dune,Frank Herbert,23 Jul 2015,Paperback,10.25,13.5
The Hobbit & The Lord of the Rings Boxed Set,J. R. R. Tolkien,01 Oct 2011,Paperback,37.66,47.5
Beach Read,Emily Henry,20 Aug 2020,Paperback,9.76,11.5
"Brown Bear, Brown Bear, What Do You See?",Eric Carle,02 Jan 1997,Board book,8.35,9.0
The Selfish Gene,Richard Dawkins,01 Jun 2018,Paperback,10.48,12.5
The Kybalion: Centenary Edition,,10 Sep 2018,Hardback,14.99,23.0
Charlie and the Chocolate Factory,Roald Dahl,16 Aug 2007,Paperback,8.84,11.5
Braiding Sweetgrass,Robin Wall Kimmerer,23 Apr 2020,Paperback,11.55,14.0
Frankenstein,Mary Shelley,01 May 2012,Paperback,9.01,10.5
Ways of Seeing,John Berger,01 Mar 2009,Paperback,10.52,12.5
The Complete MAUS,Art Spiegelman,02 Oct 2003,Paperback,18.32,21.0
"Influence, New and Expanded UK","Robert B Cialdini, PhD",13 May 2021,Paperback,19.29,21.0
8 Rules of Love,Jay Shetty,31 Jan 2023,Hardback,22.99,24.5
All the Light We Cannot See,Anthony Doerr,01 May 2015,Paperback,12.14,12.5
Don't Believe Everything You Think,Joseph Nguyen,28 Mar 2022,Paperback,13.67,"<span class=""sale-price"">13,67 €</span>"
Van Gogh. The Complete Paintings,Rainer Metzger,01 Feb 2023,Hardback,12.73,"<span class=""sale-price"">12,73 €</span>"
Meine Reise durch Asien,Rita Berman,26 Aug 2022,Paperback,12.38,"<span class=""sale-price"">12,38 €</span>"
"Black Clover, Vol. 32",Yuki Tabata,30 Mar 2023,Paperback,10.33,"<span class=""sale-price"">10,33 €</span>"
Golden Sparkle,Minta Suzumaru,27 Apr 2023,Paperback,12.56,"<span class=""sale-price"">12,56 €</span>"
"Komi Can't Communicate, Vol. 23",Tomohito Oda,30 Mar 2023,Paperback,9.78,10.0
"Mashle: Magic and Muscles, Vol. 1",Hajime Komoto,16 Sep 2021,Paperback,9.94,10.5
"Chainsaw Man, Vol. 5",Tatsuki Fujimoto,24 Jun 2021,Paperback,9.0,10.5
"Spy x Family, Vol. 3",Tatsuya Endo,21 Jan 2021,Paperback,9.82,10.5
Between Death and Life: Conversations with a Spirit,Dolores Cannon,01 Nov 2013,Paperback,14.46,15.0
Cursed Bunny,Bora Chung,15 Jul 2021,Paperback,14.99,16.0
Charles Dowding's Calendar of Vegetable Sowing Dates 2023,,05 Sep 2022,Paperback,13.27,13.68
The Legend of Zelda: Breath of the Wild the Complete Official Guide,Piggyback,13 Feb 2018,Hardback,40.13,41.5
A Course in Miracles,Foundation for Inner Peace,21 May 2008,Paperback,29.03,"<span class=""sale-price"">29,03 €</span>"
The Mammoth Book of Celtic Myths and Legends,Peter Ellis,10 May 2022,Paperback,12.5,16.5
Poetry Unbound,Pádraig Ó Tuama,06 Oct 2022,Hardback,19.39,24.5
Porn,Polly Barton,16 Mar 2023,Paperback,16.67,17.5
The Grace of Kings,Ken Liu,11 Nov 2021,Paperback,13.47,"<span class=""sale-price"">13,47 €</span>"
Moonology (TM) Manifestation Oracle,Yasmin Boland,19 Oct 2021,Cards,19.95,20.79
The Concise Laws of Human Nature,Robert Greene,30 Apr 2020,Paperback,9.97,12.5
Gilded Youth,Tom Quinn,28 Feb 2023,Hardback,21.99,24.5
The Emotion Code,Dr Bradley Nelson,09 May 2019,Paperback,19.99,21.0
Death's End,Cixin Liu,04 May 2017,Paperback,14.53,"<span class=""sale-price"">14,53 €</span>"
The Colour Monster Pop-Up,Anna Llenas,01 Aug 2015,Hardback,20.4,"<span class=""sale-price"">20,40 €</span>"
Persiana Everyday,Sabrina Ghayour,04 Aug 2022,Hardback,21.99,32.5
The Re:Fashion Wardrobe,Portia Lawrie,20 Mar 2023,Paperback,22.5,"<span class=""sale-price"">22,50 €</span>"
"Salt, Fat, Acid, Heat",Samin Nosrat,31 Aug 2017,Hardback,32.01,37.0
Girl in Pieces,Kathleen Glasgow,06 Oct 2016,Paperback,10.33,11.5
Ninth Building,Jingzhi Zou,16 May 2022,Paperback,15.14,"<span class=""sale-price"">15,14 €</span>"
Anxiety Rx,Russell Kennedy,15 Oct 2020,Paperback,30.38,"<span class=""sale-price"">30,38 €</span>"
The Summer of Broken Rules,K. L. Walther,01 Sep 2022,Paperback,11.18,"<span class=""sale-price"">11,18 €</span>"
Remnants of Filth: Yuwu (Novel) Vol. 1,Rou Bao Bu Chi Rou,25 Apr 2023,Paperback,21.0,"<span class=""sale-price"">21,00 €</span>"
"orange -to you, dear one-",Ichigo Takano,07 Mar 2023,Paperback,13.95,15.0
Self-Care for Adult Children of Emotionally Immature Parents,Lindsay C Gibson,02 Dec 2021,Paperback,16.99,17.5
My Dress-up Darling 8,Shinichi Fukuda,11 Apr 2023,Paperback,16.0,"<span class=""sale-price"">16,00 €</span>"
Grandmaster of Demonic Cultivation: Mo Dao Zu Shi (Novel) Vol. 5,Mo Xiang Tong Xiu,02 May 2023,Paperback,21.0,"<span class=""sale-price"">21,00 €</span>"
The Ancient Magus' Bride Vol. 6,Kore Yamazaki,03 Jan 2017,Paperback,13.23,"<span class=""sale-price"">13,23 €</span>"
"Blue Ocean Strategy, Expanded Edition: How to Create Uncontested Market Space and Make the Competition Irrelevant",W. Chan Kim,13 Feb 2015,Hardback,25.99,"<span class=""sale-price"">25,99 €</span>"
Teeth Are Not For Biting,Elizabeth Verdick,01 May 2003,Board book,9.89,10.0
Brain-Body Parenting,Mona Delahooke,17 Mar 2022,Paperback,20.49,21.0
The Girl Who Fell Beneath the Sea,Axie Oh,22 Feb 2022,Hardback,14.99,21.0
The Dragon's Promise,Elizabeth Lim,30 Aug 2022,Hardback,15.28,21.0
Memphis,Tara M Stringfellow,07 Apr 2022,Hardback,18.21,18.5
The Story of Art without Men,Katy Hessel,08 Sep 2022,Hardback,30.09,36.5
The Four Winds,Kristin Hannah,17 Feb 2022,Paperback,11.21,11.5
Medusa,Jessie Burton,02 Feb 2023,Paperback,9.8,11.5
Harry Potter and the Chamber of Secrets: MinaLima Edition,J. K. Rowling,26 Oct 2021,Hardback,31.76,40.5
What I Wish People Knew About Dementia,Wendy Mitchell,02 Feb 2023,Paperback,12.05,12.5
The Truth Detective,Tim Harford,16 Mar 2023,Paperback,24.38,"<span class=""sale-price"">24,38 €</span>"
The Montessori Toddler,Simone Davies,12 Apr 2019,Paperback,15.79,17.95
Demon in the Wood,Leigh Bardugo,27 Sep 2022,Hardback,15.13,21.5
The Shadow and Bone: Ruin and Rising,Leigh Bardugo,28 Jun 2018,Paperback,8.88,10.5
A Squash and a Squeeze,Julia Donaldson,23 Sep 2016,Paperback,8.05,9.0
Short Stories in French for Beginners,Olly Richards,13 Nov 2018,Paperback,9.99,14.0
Arcanum Unbounded,Brandon Sanderson,05 Oct 2017,Paperback,11.03,14.0
Guards! Guards!,Terry Pratchett,13 Mar 2014,Hardback,13.59,18.5
The Stolen Heir,Holly Black,03 Jan 2023,Hardback,19.09,21.0
November 9,Colleen Hoover,11 Nov 2015,Paperback,11.01,"<span class=""sale-price"">11,01 €</span>"
Hopeless,Colleen Hoover,02 Apr 2015,Paperback,11.12,"<span class=""sale-price"">11,12 €</span>"
"Death Note Black Edition, Vol. 6",Tsugumi Ohba,10 Nov 2011,Paperback,13.07,"<span class=""sale-price"">13,07 €</span>"
How to Paint Without a Brush,Red Hong Yi,11 May 2023,Hardback,31.0,"<span class=""sale-price"">31,00 €</span>"
Circe,Madeline Miller,19 Apr 2018,Hardback,19.14,21.0
The Lion Inside,Rachel Bright,10 Mar 2016,Paperback,21.76,"<span class=""sale-price"">21,76 €</span>"
Where's Wally?,Martin Handford,26 Jul 2011,Paperback,7.48,"<span class=""sale-price"">7,48 €</span>"
Wrong Place Wrong Time,Gillian McAllister,02 Mar 2023,Paperback,11.12,11.5
As Good As Dead,Holly Jackson,05 Aug 2021,Paperback,11.39,"<span class=""sale-price"">11,39 €</span>"
"God's Promises for Your Every Need, NKJV",,18 Mar 2008,Paperback,7.59,"<span class=""sale-price"">7,59 €</span>"
The Girl Who Never Made Mistakes,Gary Rubinstein,04 Nov 2011,Hardback,24.1,"<span class=""sale-price"">24,10 €</span>"
The Sufi Tarot,Ayeda Husain,20 Sep 2022,Cards,33.2,"<span class=""sale-price"">33,20 €</span>"
The Spirit Animal Oracle,Colette Baron-Reid,02 Oct 2018,Cards,19.76,31.0
Letting Go,David R. Hawkins,03 Mar 2014,Paperback,14.65,18.5
Vow of Thieves,Mary E. Pearson,23 Jun 2022,Paperback,11.49,"<span class=""sale-price"">11,49 €</span>"
Dance of Thieves,Mary E. Pearson,23 Jun 2022,Paperback,10.2,12.5
Avengers Epic Collection: Acts Of Vengeance,Danny Fingeroth,28 Mar 2023,Paperback,42.89,52.5
"Fast. Feast. Repeat.: The Comprehensive Guide to Delay, Don't Deny(r) Intermittent Fasting--Including the 28-Day Fast Start",Gin Stephens,28 Sep 2020,Paperback,17.08,18.0
The Ballad of Never After,Stephanie Garber,13 Sep 2022,Hardback,19.75,21.0
Blindsight,Peter Watts,16 Sep 2020,Paperback,19.0,20.0
The Greatest Self-Help Book (is the one written by you),Vex King,08 Dec 2022,Hardback,17.91,20.5
Coaching Habit,Bungay Michael Stainer,17 Mar 2016,Paperback,14.61,"<span class=""sale-price"">14,61 €</span>"
prettycityparis,Siobhan Ferguson,26 Sep 2023,Hardback,31.83,37.0
"Many Lives, Many Masters",Dr. Brian Weiss,23 Jun 1994,Paperback,16.9,17.5
Just Kids,Patti Smith,04 Jan 2011,Paperback,13.25,16.5
The Will to Change,Bell Hooks,01 Feb 2005,Paperback,18.18,19.0
The Lean Startup,Eric Ries,13 Oct 2011,Paperback,16.21,21.0
Downshiftology Healthy Meal Prep,Lisa Bryan,06 Dec 2022,Hardback,24.78,33.5
It's All Love,Jenna Ortega,05 Jan 2021,Hardback,15.19,19.0
Lockwood & Co: The Creeping Shadow,Jonathan Stroud,15 Sep 2016,Paperback,10.5,"<span class=""sale-price"">10,50 €</span>"
The Power of Your Subconscious Mind,Joseph Murphy,31 Dec 2010,Paperback,6.8,11.0
The Prince,Niccolò Machiavelli,02 Jan 2000,Paperback,4.44,5.0
ADHD 2.0,Edward M. Hallowell,04 Jan 2022,Paperback,17.99,19.0
Spelling for Life,Lyn Stone,31 Aug 2021,Paperback,48.46,"<span class=""sale-price"">48,46 €</span>"
Kaikeyi,Vaishnavi Patel,27 Oct 2022,Paperback,10.2,12.5
The Shadow of the Gods,John Gwynne,27 Jan 2022,Paperback,10.2,12.5
Everything I Never Told You,Celeste Ng,13 Nov 2014,Paperback,8.89,11.5
First 100 Words,Roger Priddy,10 May 2011,Board book,8.36,"<span class=""sale-price"">8,36 €</span>"
PlantYou,Carleigh Bodrug,26 May 2022,Hardback,23.41,31.0
You and Me on Vacation,Emily Henry,22 Jul 2021,Paperback,10.94,11.5
The Starlight Stables Gang,Esme Higgs,30 Mar 2023,Paperback,10.0,"<span class=""sale-price"">10,00 €</span>"
In Memoriam,Alice Winn,09 Mar 2023,Hardback,16.38,18.5
Taste,Stanley Tucci,29 Sep 2022,Paperback,10.7,13.5
Sentience,Nicholas Humphrey,01 Nov 2022,Hardback,16.37,21.0
The Dawn of Everything,David Graeber,02 Jun 2022,Paperback,14.75,16.0
Meditations,Marcus Aurelius,28 Apr 2015,Hardback,14.52,16.0
The Picture of Dorian Gray,Oscar Wilde,28 Jun 2012,Paperback,8.99,10.5
We Have Always Lived in the Castle,Shirley Jackson,01 Oct 2009,Paperback,10.55,12.5
Animal Farm,George Orwell,01 Oct 2008,Paperback,9.65,10.5
Ina May's Guide to Childbirth,Ina May Gaskin,07 Aug 2008,Paperback,17.99,18.5
The End of the World Is Just the Beginning,Peter Zeihan,07 Jul 2022,Hardback,26.09,35.5
The Good Egg,Jory John,04 Mar 2021,Paperback,10.08,"<span class=""sale-price"">10,08 €</span>"
Almond,Won-pyung Sohn,22 Jul 2021,Paperback,13.09,17.5
Howl's Moving Castle,Diana Wynne Jones,02 Sep 2011,Paperback,11.24,"<span class=""sale-price"">11,24 €</span>"
The Guest List,Lucy Foley,03 Sep 2020,Paperback,11.26,11.5
The Day the Crayons Quit,Drew Daywalt,31 Jul 2014,Paperback,9.11,10.5
The Citizen's Guide to Fifth Generation Warfare,Michael Flynn,08 Dec 2022,Paperback,32.8,"<span class=""sale-price"">32,80 €</span>"
Never Give Up,Niall McHugo,16 Jan 2023,Paperback,14.28,"<span class=""sale-price"">14,28 €</span>"
Theory of Music Made Easy: Grade 1,Lina Ng,16 May 2003,Sheet music,7.22,"<span class=""sale-price"">7,22 €</span>"
"The Angel Next Door Spoils Me Rotten, Vol. 5 (light novel)",Saekisan,21 Feb 2023,Paperback,,
"Solo Leveling, Vol. 7 (novel)",Chugong,21 Mar 2023,Paperback,14.95,16.0
"Bungo Stray Dogs, Vol. 6 (light novel)",Kafka Asagiri,25 May 2021,Paperback,14.75,15.0
"86 - EIGHTY SIX, Vol. 3 (light novel)",Asato Asato,19 Nov 2019,Paperback,14.03,"<span class=""sale-price"">14,03 €</span>"
"The Way of the Househusband, Vol. 9",Kousuke Oono,30 Mar 2023,Paperback,11.99,12.5
Look Back,Tatsuki Fujimoto,13 Oct 2022,Paperback,13.18,14.0
"Given, Vol. 7",Natsuki Kizu,30 Mar 2023,Paperback,12.15,13.0
"Alice in Borderland, Vol. 5",Haro Aso,27 Apr 2023,Paperback,19.97,"<span class=""sale-price"">19,97 €</span>"
"Beast Complex, Vol. 2",Paru Itagaki,27 Apr 2023,Paperback,12.66,"<span class=""sale-price"">12,66 €</span>"
"Spy x Family, Vol. 5",Tatsuya Endo,08 Jul 2021,Paperback,9.65,11.0
"Spy x Family, Vol. 4",Tatsuya Endo,29 Apr 2021,Paperback,9.65,10.5
"Chainsaw Man, Vol. 7",Tatsuki Fujimoto,09 Dec 2021,Paperback,9.0,10.5
"Jujutsu Kaisen, Vol. 4",Gege Akutami,25 Jun 2020,Paperback,9.65,10.5
"Chainsaw Man, Vol. 2",Tatsuki Fujimoto,24 Dec 2020,Paperback,8.96,10.0
"Demon Slayer: Kimetsu no Yaiba, Vol. 1",Koyoharu Gotouge,26 Jul 2018,Paperback,9.8,"<span class=""sale-price"">9,80 €</span>"
Why We Get Sick,Benjamin Bikman,07 Sep 2021,Paperback,17.99,18.5
From Blood and Ash,Jennifer L Armentrout,13 Jan 2022,Paperback,24.4,24.7
The Molecule of More,Daniel Z. Lieberman,03 Sep 2019,Paperback,17.99,19.5
The Gadfly,"E., L. Voynich",18 Oct 2006,Paperback,33.81,"<span class=""sale-price"">33,81 €</span>"
Miss Flibbertigibbet and the Barbarian,Stephanie Laurens,16 Mar 2023,Paperback,19.94,24.2
Voice of the Souls Oracle,Isabelle Cerf,05 Jan 2023,Cards,21.65,23.59
The Trees,Percival Everett,24 Mar 2022,Paperback,11.29,12.5
Geschichte der Zentralbanken und der Versklavung der Menschheit,Stephen Mitford Goodson,10 Mar 2022,Paperback,26.91,"<span class=""sale-price"">26,91 €</span>"
If Women Rose Rooted,Sharon Blackie,20 Aug 2019,Paperback,13.69,15.0
The Meditations of Marcus Aurelius,Marcus Aurelius,14 Feb 2011,Paperback,10.03,10.8
Ashtanga Yoga,David Swenson,03 Feb 2007,Spiral bound,29.9,34.0
The Dispossessed,Ursula K. Le Guin,12 Aug 1999,Paperback,9.99,12.5
Love in the Time of Chaos,Rosemary Jenkinson,08 Mar 2023,Paperback,15.41,"<span class=""sale-price"">15,41 €</span>"
Behind Closed Doors,B A Paris,11 Feb 2016,Paperback,11.21,11.5
Hex,Jenni Fagan,08 Feb 2023,Paperback,9.63,10.0
Children of Paradise,Camilla Grudova,07 Jul 2022,Hardback,17.52,18.5
The Beekeeper of Aleppo,Christy Lefteri,01 Apr 2020,Paperback,8.02,10.5
Daisy Jones and The Six,Taylor Jenkins Reid,16 Feb 2023,Paperback,12.11,12.5
The Wall of Storms,Ken Liu,11 Nov 2021,Paperback,11.25,12.5
She Comes First,Ian Kerner,10 Oct 2019,Paperback,11.99,12.5
The Daily Stoic Journal,Ryan Holiday,13 Jul 2020,Hardback,13.99,19.5
Surviving to Drive,Guenther Steiner,20 Apr 2023,Hardback,24.5,"<span class=""sale-price"">24,50 €</span>"
Handbuilt,Lilly Maetzig,11 May 2023,Hardback,22.5,"<span class=""sale-price"">22,50 €</span>"
Consolations,David Whyte,27 Oct 2020,Hardback,13.89,18.5
Drive,Daniel H. Pink,10 Aug 2018,Paperback,10.41,12.5
Neymar (Ultimate Football Heroes - the No. 1 football series),Matt & Tom Oldfield,01 Jan 2018,Paperback,10.99,"<span class=""sale-price"">10,99 €</span>"
The Body Code,Dr Bradley Nelson,23 Feb 2023,Paperback,29.95,30.5
Unwinding Anxiety,Judson Brewer,11 Mar 2021,Paperback,14.87,18.5
21 Lessons for the 21st Century,Yuval Noah Harari,22 Aug 2019,Paperback,12.87,14.5
Entangled Life,Merlin Sheldrake,02 Sep 2021,Paperback,12.84,13.5
The Overstory,Richard Powers,01 Jul 2019,Paperback,12.24,13.5
Numberblocks Annual 2023,Sweet Cherry Publishing,06 Oct 2022,Hardback,24.95,"<span class=""sale-price"">24,95 €</span>"
The Fast 800,Dr Michael Mosley,02 Jan 2019,Paperback,9.99,13.5
A Visit From the Goon Squad,Jennifer Egan,09 Sep 2017,Paperback,9.99,12.5
Disney Villains: Wicked 8-Book Collection,,01 Jul 2022,Paperback,41.05,43.8
Diary of a Minecraft Zombie: Mob-Eating Monster Collection,Zack Zombie,01 Oct 2021,Paperback,68.25,93.87
The Proof is in the Plants,Simon Hill,30 Sep 2021,Paperback,18.99,20.0
Throttled Special Edition,Lauren Asher,09 Jan 2020,Paperback,19.2,21.3
Hooked,Emily Mcintire,20 Sep 2022,Paperback,11.14,11.5
Recovering from Emotionally Immature Parents,Lindsay C Gibson,27 Jun 2019,Paperback,15.67,18.0
Sex Talks,Vanessa Marin,07 Feb 2023,Hardback,27.99,29.0
Living Untethered,Michael A. Singer,17 May 2022,Paperback,13.23,18.5
The Scum Villain's Self-Saving System: Ren Zha Fanpai Zijiu Xitong (Novel) Vol. 2,Mo Xiang Tong Xiu,19 Apr 2022,Paperback,14.48,21.0
SHAMAN KING Omnibus 12 (Vol. 34-35),Hiroyuki Takei,07 Mar 2023,Paperback,18.25,22.0
Classmates Vol. 3: Sotsu gyo sei (Spring),Asumiko Nakamura,12 Nov 2019,Paperback,9.43,12.5
A Court of Thorns and Roses Hardcover Box Set,Sarah J. Maas,12 Oct 2021,Hardback,112.45,152.5
Witch Hat Atelier 2,Kamome Shirahama,27 Jun 2019,Paperback,12.33,14.0
It's Ok That You're Not Ok,Megan Devine,01 Oct 2017,Paperback,15.39,19.0
Piano Adventures All-In-Two Primer Lesson/Theory,,27 Aug 2013,Book,15.17,18.0
Stone Maidens,Lloyd Devereux Richards,06 Nov 2012,Paperback,15.07,16.0
What to Do When You Worry Too Much,Dawn Huebner,15 Sep 2005,Paperback,16.69,"<span class=""sale-price"">16,69 €</span>"
The Noma Guide to Fermentation (Foundations of Flavor),Rene Redzepi,16 Oct 2018,Hardback,32.99,35.95
Hands are not for Hitting,Martine Agassi,01 May 2006,Board book,9.45,10.0
Waking the Tiger: Healing Trauma,Peter A. Levine,02 May 2017,Paperback,29.96,"<span class=""sale-price"">29,96 €</span>"
Regretting You,Colleen Hoover,10 Dec 2019,Paperback,11.28,"<span class=""sale-price"">11,28 €</span>"
Trauma and Recovery,Judith Herman,10 Nov 2022,Paperback,19.17,20.0
How to Keep House While Drowning,Kc Davis,28 Apr 2022,Hardback,13.23,16.0
The Locked Room,Elly Griffiths,04 Aug 2022,Paperback,8.79,11.5
Slough House,Mick Herron,30 Sep 2021,Paperback,7.74,11.5
The Lincoln Highway,Amor Towles,07 Jul 2022,Paperback,12.15,13.5
Surrender,Bono,01 Nov 2022,Hardback,24.86,31.5
The Dictionary of Lost Words,Pip Williams,20 Jan 2022,Paperback,12.04,13.5
Tales from the Cafe,Toshikazu Kawaguchi,24 Sep 2020,Paperback,10.57,13.5
I May Be Wrong,Bjoern Natthiko Lindeblad,05 Jan 2023,Paperback,10.72,12.5
No More Nappies,Campbell Books,22 Mar 2018,Board book,8.4,9.0
The Smartest Giant in Town,Julia Donaldson,12 Sep 2016,Paperback,8.85,9.0
Monkey Puzzle,Julia Donaldson,13 Sep 2016,Paperback,8.86,10.0
The Case Against the Sexual Revolution,L Perry,29 Aug 2022,Paperback,18.15,"<span class=""sale-price"">18,15 €</span>"
Berserk Deluxe Volume 4,Kentaro Miura,12 Mar 2020,Hardback,46.88,53.5
Relentless,Tim S. Grover,13 Mar 2014,Paperback,15.18,19.0
Masquerade,Oliver Soden,16 Mar 2023,Hardback,30.3,37.0
Flowers For Algernon,Daniel Keyes,13 Jul 2017,Paperback,8.99,12.5
Sophie's World,Jostein Gaarder,08 Oct 2015,Paperback,10.11,12.5
Short Stories in Italian for Beginners,Olly Richards,13 Nov 2018,Paperback,11.99,13.0
Dune Messiah,Frank Herbert,16 May 2018,Paperback,9.79,12.5
Factfulness,Hans Rosling,27 Jun 2019,Paperback,12.67,14.0
Hell Bent,Leigh Bardugo,10 Jan 2023,Hardback,21.99,24.5
Wyrd Sisters,Terry Pratchett,03 Apr 2014,Hardback,14.99,18.5
Equal Rites,Terry Pratchett,03 Apr 2014,Hardback,14.99,18.5
Soul Music,Terry Pratchett,05 Dec 2013,Hardback,13.89,18.5
From Strength to Strength,Arthur C. Brooks,02 Mar 2023,Paperback,12.86,14.0
Fleishman Is in Trouble,Taffy Brodesser-Akner,09 Jul 2020,Paperback,10.44,12.5
We Were Liars,E. Lockhart,13 May 2014,Paperback,7.89,10.5
The Island of Sea Women,Lisa See,09 Jul 2020,Paperback,11.18,11.5
You,Caroline Kepnes,18 Jun 2015,Paperback,10.32,10.5
Designing Data-Intensive Applications,Martin Kleppmann,02 May 2017,Paperback,39.83,58.5
Sashiko 365,Susan Briscoe,08 Nov 2022,Paperback,32.34,"<span class=""sale-price"">32,34 €</span>"
Heartstopper Volume 4,Alice Oseman,13 May 2021,Paperback,10.99,14.5
Red Rising,Pierce Brown,25 Sep 2014,Paperback,10.01,12.5
Playing to Win,A.G. Lafley,05 Feb 2013,Hardback,26.99,"<span class=""sale-price"">26,99 €</span>"
"Tokyo Ghoul, Vol. 1",Sui Ishida,18 Jun 2015,Paperback,16.99,"<span class=""sale-price"">16,99 €</span>"
Monster,,23 Oct 2014,Paperback,18.99,20.0
"Vagabond (VIZBIG Edition), Vol. 11",Takehiko Inoue,07 May 2015,Paperback,19.03,20.0
Peppa Pig: Little Library,Peppa Pig,16 Jun 2011,Board book,7.7,"<span class=""sale-price"">7,70 €</span>"
Humankind,Rutger Bregman,13 May 2021,Paperback,12.14,13.5
Harry Potter and the Chamber of Secrets,J. K. Rowling,11 Sep 2014,Paperback,9.98,10.5
The Lion Inside Board Book,Rachel Bright,09 Feb 2017,Board book,7.0,9.0
Stick Man,Julia Donaldson,26 Nov 2016,Paperback,8.87,10.0
Mockingjay,Suzanne Collins,06 Feb 2012,Paperback,11.15,11.5
The Last Hours: Chain of Thorns,Cassandra Clare,31 Jan 2023,Hardback,19.09,21.0
Glow,Raven Kennedy,19 Jan 2023,Paperback,12.33,13.5
The Salt Path,Raynor Winn,31 Jan 2019,Paperback,11.28,14.5
Anxious People,Fredrik Backman,19 Aug 2021,Paperback,11.93,13.5
Dead Poets Society,N.H. Kleinbaum,07 Dec 2006,Paperback,9.07,11.5
The Storyteller,Dave Grohl,09 Jun 2022,Paperback,12.05,13.5
Curse of the Shadow Dragon: A Branches Book (Dragon Masters #23),Tracey West,07 Mar 2023,Paperback,6.91,7.0
Harrow the Ninth,Tamsyn Muir,21 Sep 2021,Paperback,14.86,21.0
Radical Candor,Kim Scott,17 Oct 2019,Paperback,12.47,"<span class=""sale-price"">12,47 €</span>"
The Millionaire Fastlane,MJ DeMarco,04 Dec 2011,Paperback,37.01,"<span class=""sale-price"">37,01 €</span>"
Gut and Physiology Syndrome,"Dr. Natasha Campbell-McBride, M.D.",03 Nov 2020,Paperback,27.95,31.0
Love You Forever,Robert Munsch,01 Sep 1995,Paperback,7.2,"<span class=""sale-price"">7,20 €</span>"
Autobiography of a Yogi,Paramahansa Yogananda,20 Nov 2004,Paperback,11.95,"<span class=""sale-price"">11,95 €</span>"
Magisteria,Nicholas Spencer,16 May 2023,Hardback,23.68,30.5
There Was an Old Lady Who Swallowed a Fly,,01 Dec 2000,Board book,7.35,"<span class=""sale-price"">7,35 €</span>"
Beholding,Strahan Coleman,25 Feb 2023,Paperback,16.79,18.5
Queer Tarot,Ashley Molesso,27 Apr 2022,Mixed media product,22.86,27.0
The Ink Black Heart,Robert Galbraith,30 Aug 2022,Hardback,21.99,31.0
Harry Potter and the Cursed Child - Parts I & II,J. K. Rowling,31 Jul 2016,Hardback,18.74,25.5
The Cuckoo's Calling,Robert Galbraith,13 Feb 2014,Paperback,10.21,13.5
Tuesdays With Morrie,Mitch Albom,24 Jul 2003,Paperback,8.59,11.5
Mindfulness,Professor Mark Williams,05 May 2011,Paperback,13.89,18.5
"The Orthodox Study Bible, Hardcover",Thomas Nelson,17 Jun 2008,Hardback,45.99,49.0
Good To Great,Jim Collins,01 Jan 2004,Hardback,22.97,28.0
Leaders Eat Last,Simon Sinek,12 Jul 2017,Paperback,11.5,13.5
Solomon's Crown,Natasha Siegel,14 Mar 2023,Paperback,13.6,17.5
Fleabag: The Scriptures,Phoebe Waller-Bridge,26 Nov 2019,Hardback,27.9,29.0
The Alloy of Law,Brandon Sanderson,01 Nov 2012,Paperback,9.79,12.5
The Way of Kings Part One,Brandon Sanderson,10 Mar 2015,Paperback,10.29,12.5
The Final Empire,Brandon Sanderson,01 Dec 2009,Paperback,10.99,14.0
Me and My Piano Part 2,Marion Harewood,16 Jan 2009,Paperback,9.33,9.5
Dispatches from the Diaspora,Gary  Younge,16 Mar 2023,Paperback,17.02,18.5
A Terrible Kindness,Jo Browning Wroe,05 Jan 2023,Paperback,11.84,"<span class=""sale-price"">11,84 €</span>"
The Colony,Audrey Magee,02 Feb 2023,Paperback,10.79,11.5
The Cosmic Dance,Stephen Ellcock,08 Nov 2022,Hardback,27.99,30.5
"The Boy Who Was Raised as a Dog, 3rd Edition",Bruce D. Perry,31 Aug 2017,Paperback,15.99,16.92
Astrophysics for People in a Hurry,Neil deGrasse Tyson,15 Jun 2017,Hardback,15.95,"<span class=""sale-price"">15,95 €</span>"
Jade Legacy,Fonda Lee,02 Dec 2021,Paperback,11.11,14.0
Jade City,Fonda Lee,28 Jun 2018,Paperback,10.22,12.5
The Stone Sky,N. K. Jemisin,15 Aug 2017,Paperback,10.11,12.5
The Vanishing Half,Brit Bennett,03 Jun 2021,Paperback,10.08,12.5
You Deserve Each Other,Sarah Hogle,11 Feb 2021,Paperback,10.0,12.5
Signs,Laura Lynne Jackson,18 Jun 2019,Paperback,16.96,18.5
Dominion (50th Anniversary Edition),Tom Holland,09 Feb 2023,Paperback,14.99,16.0
The Big Sleep,Raymond Chandler,15 Jun 2011,Paperback,10.61,12.5
Caliban and the Witch,Silvia Federici,29 Jul 2021,Paperback,11.58,13.5
Hooked,Nir Eyal,20 Aug 2015,Hardback,14.44,16.0
Matilda,Roald Dahl,16 Aug 2007,Paperback,8.7,10.0
The Snail and the Whale,Julia Donaldson,04 Jun 2006,Paperback,8.89,"<span class=""sale-price"">8,89 €</span>"
The Order of Time,Carlo Rovelli,01 Dec 2020,Paperback,11.43,14.5
The Very Hungry Caterpillar,Eric Carle,28 Nov 2002,Paperback,8.13,9.5
Crime and Punishment,Fyodor Dostoyevsky,01 Jan 2021,Paperback,12.29,12.5
Letters from a Stoic,Seneca,23 Aug 2017,Paperback,11.1,12.5
The Golden Goblet,Eloise Jarvis McGraw,01 Oct 1990,Paperback,9.07,"<span class=""sale-price"">9,07 €</span>"
Charlotte's Web,E B White,10 Apr 2012,Paperback,8.43,9.5
Secretly Yours,Tessa Bailey,16 Feb 2023,Paperback,15.39,20.5
The Explosive Child [Sixth Edition],"Ross W Greene, PhD",14 Oct 2021,Paperback,15.99,16.5
The Big Leap,Gay Hendricks,26 Aug 2011,Paperback,14.9,19.7
Kill Joy,Holly Jackson,04 Aug 2022,Paperback,8.99,9.5
Untypical,Pete Wharmby,16 Mar 2023,Hardback,20.75,21.0
Wandering Souls,Cecile Pin,02 Mar 2023,Hardback,17.77,18.5
Paris,Paris Hilton,14 Mar 2023,Hardback,20.27,24.5
The Hobbit & The Lord of the Rings Boxed Set,J. R. R. Tolkien,01 Jul 2020,Hardback,110.12,145.5
Say Nothing,Patrick Radden Keefe,11 Oct 2019,Paperback,13.15,14.0
Ship of Magic,Robin Hobb,10 Sep 2015,Paperback,13.44,14.0
We Should All Be Feminists,Chimamanda Ngozi Adichie,14 Dec 2015,Paperback,7.65,8.5
Gangsta Granny,David Walliams,28 Feb 2013,Paperback,9.12,"<span class=""sale-price"">9,12 €</span>"
The Heart and the Bottle,Oliver Jeffers,01 Oct 2010,Paperback,9.99,"<span class=""sale-price"">9,99 €</span>"
System Design Interview - An insider's guide,Alex Xu,12 Jun 2020,Paperback,38.55,"<span class=""sale-price"">38,55 €</span>"
"Villains Are Destined to Die, Vol. 2",Gwon Gyeoeul,21 Feb 2023,Paperback,18.49,20.0
My First Theory Book,Lina Ng,19 Feb 2004,Sheet music,7.15,"<span class=""sale-price"">7,15 €</span>"
Universum : målarbok,Maria Trolle,27 Oct 2022,Hardback,39.6,"<span class=""sale-price"">39,60 €</span>"
Reina de sombras,"MAAS, SARAH J.",25 Jul 2017,Paperback,19.06,"<span class=""sale-price"">19,06 €</span>"
Monet. The Triumph of Impressionism,Daniel Wildenstein,19 Oct 2022,Hardback,,
Arbeitsbuch 1,Olga Swerlova,01 Apr 2019,Paperback,12.4,"<span class=""sale-price"">12,40 €</span>"
"86 - EIGHTY SIX, Vol. 5",Asato Asato,18 Aug 2020,Paperback,15.51,"<span class=""sale-price"">15,51 €</span>"
Hirano and Kagiura (novel),Shou Harusono,21 Feb 2023,Paperback,14.99,16.0
"Please Put Them On, Takamine-san, Vol. 5",Yuichi Hiiragi,21 Mar 2023,Paperback,12.71,13.5
"Toilet-bound Hanako-kun, Vol. 1",Aidalro,28 Jan 2020,Paperback,13.19,14.0
"86 - EIGHTY SIX, Vol. 4 (light novel)",Asato Asato,31 Mar 2020,Paperback,14.68,"<span class=""sale-price"">14,68 €</span>"
"Dragon Ball Super, Vol. 17",Akira Toriyama,19 Jan 2023,Paperback,9.6,10.5
"Chainsaw Man, Vol. 11",Tatsuki Fujimoto,07 Jul 2022,Paperback,9.6,11.0
"Chainsaw Man, Vol. 4",Tatsuki Fujimoto,27 May 2021,Paperback,8.96,10.5
"Chainsaw Man, Vol. 3",Tatsuki Fujimoto,01 Apr 2021,Paperback,8.96,10.0
The Crown of Gilded Bones,Jennifer L Armentrout,15 Jan 2022,Paperback,24.3,24.9
The Art of DreamWorks Puss in Boots,Ramin Zahed,30 Mar 2023,Hardback,45.2,"<span class=""sale-price"">45,20 €</span>"
Ninth Building,Zou Jingzhi,11 Apr 2023,Paperback,15.32,"<span class=""sale-price"">15,32 €</span>"
Accelerate,"Nicole Forsgren, PhD",27 Mar 2018,Paperback,18.95,22.5
Bluets,Maggie Nelson,15 Oct 2009,Paperback,14.5,"<span class=""sale-price"">14,50 €</span>"
My Mouth is a Volcano!,Julia Cook,01 Oct 2005,Paperback,10.93,12.0
Lifting Heavy Things,Laura Khoudari,08 Jul 2021,Paperback,14.88,"<span class=""sale-price"">14,88 €</span>"
"Let's Talk About Body Boundaries, Consent and Respect",Jayneen Sanders,10 Nov 2017,Paperback,16.46,19.0
What's for Dessert,Claire Saffitz,15 Nov 2022,Hardback,27.51,32.0
Save Your Brain,Ginni Mansberg,13 Jun 2023,Paperback,33.01,"<span class=""sale-price"">33,01 €</span>"
Hagitude,Sharon Blackie,06 Sep 2022,Hardback,16.95,21.0
The Springs of Affection,Maeve Brennan,16 Feb 2023,Paperback,13.26,14.0
A System So Magnificent It Is Blinding,Amanda Svensson,14 Jul 2022,Hardback,19.29,21.0
The Wall in the Middle of the Book,Jon Agee,03 Oct 2019,Paperback,8.96,11.5
Modern Witch Tarot,Lisa Sterle,19 Nov 2019,Cards,23.92,24.5
Bliss Montage,Ling Ma,29 Sep 2022,Paperback,13.35,14.0
Born to Run,Christopher McDougall,15 Apr 2010,Paperback,9.39,12.5
Flowers For Algernon,Daniel Keyes,13 Jan 2000,Paperback,9.97,12.5
Moby Dick,Herman Melville,01 Dec 1999,Paperback,7.13,9.0
Empire of the Summer Moon,S.C. Gwynne,07 Jul 2011,Paperback,13.3,14.0
Switch,Dan Heath,03 Mar 2011,Paperback,11.48,13.5
Being Mortal,Atul Gawande,02 Jul 2015,Paperback,9.98,11.5
Ramadan Reflections,Aliyah Umm Raiyaan,02 Mar 2023,Paperback,,
Man's Search For Meaning,Viktor E Frankl,20 Jan 2011,Hardback,16.94,17.5
The Adult Autism Assessment Handbook,Davida Hartman,21 Feb 2023,Paperback,36.4,"<span class=""sale-price"">36,40 €</span>"
When I Became Your Granny,Susannah Shane,02 Feb 2023,Paperback,10.49,"<span class=""sale-price"">10,49 €</span>"
The Edge of the Plain,James Crawford,04 Aug 2022,Hardback,23.98,24.5
A River Avon Year,Rick Thompson,09 Mar 2023,Paperback,15.31,"<span class=""sale-price"">15,31 €</span>"
Freedom From Anxiety,Paul McKenna,31 Jan 2023,Paperback,14.78,18.5
Of Boys and Men,Richard V. Reeves,11 May 2023,Paperback,14.81,"<span class=""sale-price"">14,81 €</span>"
Moonology (TM) Diary 2023,Yasmin Boland,30 Aug 2022,Paperback,13.04,17.0
Stillness is the Key,Ryan Holiday,08 Oct 2020,Paperback,11.18,14.5
Fresh Water for Flowers,Valerie Perrin,10 Jun 2021,Paperback,12.48,"<span class=""sale-price"">12,48 €</span>"
Lonely Planet Thailand,Lonely Planet,30 Nov 2021,Paperback,18.62,22.5
Less is More,Jason Hickel,01 Nov 2021,Paperback,11.51,13.5
This Is Vegan Propaganda,Ed Winters,04 Apr 2023,Paperback,11.49,14.5
The Magic of Thinking Big,David J Schwartz,25 Feb 2016,Paperback,14.33,16.0
The Veiled Throne,Ken Liu,04 Aug 2022,Paperback,15.82,"<span class=""sale-price"">15,82 €</span>"
The Dark Forest,Cixin Liu,14 Jul 2016,Paperback,14.36,"<span class=""sale-price"">14,36 €</span>"
Lune,Kate Reid,07 Feb 2023,Hardback,29.13,34.5
Daydream Journals,Tilly Rose,15 Mar 2022,Paperback,27.76,"<span class=""sale-price"">27,76 €</span>"
Crooked Kingdom,Leigh Bardugo,21 Jun 2017,Paperback,9.7,11.5
Brain Games For Clever Kids (R),Gareth Moore,01 Oct 2014,Paperback,5.35,6.5
The Score,Elle Kennedy,11 Jan 2016,Paperback,14.25,16.0
Golfland - Scotland,Michael Atkinson,15 Feb 2022,Hardback,31.14,"<span class=""sale-price"">31,14 €</span>"
Twisted,Emily Mcintire,07 Feb 2023,Paperback,11.18,11.5
Ascendance of a Bookworm: Part 4 Volume 5,Miya Kazuki,08 Apr 2023,Paperback,14.66,"<span class=""sale-price"">14,66 €</span>"
ACT Made Simple,Russ Harris,27 Jun 2019,Paperback,42.25,44.5
Trapped in a Dating Sim: The World of Otome Games is Tough for Mobs (Light Novel) Vol. 4,Yomu Mishima,04 Jan 2022,Paperback,16.65,"<span class=""sale-price"">16,65 €</span>"
Blue Lock 5,Muneyuki Kaneshiro,21 Feb 2023,Paperback,11.72,14.0
The Scum Villain's Self-Saving System: Ren Zha Fanpai Zijiu Xitong (Novel) Vol. 3,Mo Xiang Tong Xiu,01 Aug 2022,Paperback,15.14,21.0
"The Girl From the Other Side: Siuil, a Run Deluxe Edition I (Vol. 1-3 Hardcover Omnibus)",Nagabe,02 Aug 2022,Hardback,39.99,43.0
Far From Home,Teki Yatsuda,13 Apr 2023,Paperback,15.99,"<span class=""sale-price"">15,99 €</span>"
Witch Hat Atelier 4,Kamome Shirahama,14 Nov 2019,Paperback,12.37,14.0
Witch Hat Atelier 1,Kamome Shirahama,09 Apr 2019,Paperback,13.96,"<span class=""sale-price"">13,96 €</span>"
In the Stars the Glory of His Eyes,K Troy,25 Oct 2022,Paperback,18.83,20.0
Piano Adventures All-In-Two Level 1 Lesson/Theory,,10 Aug 2013,Book,14.57,"<span class=""sale-price"">14,57 €</span>"
Art Of The Last Of Us The,Dog Studios Naughty,14 Feb 2020,Hardback,44.28,58.5
Joshua Weissman: An Unapologetic Cookbook. #1 NEW YORK TIMES BESTSELLER,Joshua Weissman,14 Sep 2021,Hardback,21.75,24.5
Grimm's Complete Fairy Tales,Jacob Grimm,22 May 2018,Leather,22.1,"<span class=""sale-price"">22,10 €</span>"
Why Men Love Bitches,Sherry Argov,27 Jan 2011,Paperback,12.97,18.5
Radiant Rider-Waite Tarot in a Tin,Pamela Colman Smith,15 Aug 2015,Cards,20.0,21.5
Journey of Souls,Michael Newton,08 Sep 2002,Paperback,17.99,20.0
Layla,Colleen Hoover,01 Jan 2021,Paperback,9.99,"<span class=""sale-price"">9,99 €</span>"
"Saga, Volume 10",Brian K Vaughan,05 Oct 2022,Paperback,17.95,18.5
The World According to Kaleb,Kaleb Cooper,11 Jul 2023,Hardback,15.67,21.0
CEO Excellence,Carolyn Dewar,17 Mar 2022,Hardback,24.25,24.5
Megathreats,Nouriel Roubini,20 Oct 2022,Hardback,19.72,24.5
The Little Wartime Library,Kate Thompson,01 Sep 2022,Paperback,9.57,11.5
Nuts and Bolts,Roma Agrawal,02 Mar 2023,Hardback,25.55,27.0
Lonely Castle in the Mirror,Mizuki Tsujimura,08 Sep 2022,Paperback,10.7,12.5
Beyond the Wand,Tom Felton,13 Oct 2022,Hardback,20.34,24.5
Quit,Annie Duke,06 Oct 2022,Paperback,16.26,18.5
Checkout 19,Claire-Louise Bennett,28 Jul 2022,Paperback,10.61,12.5
The Murders at Fleat House,Lucinda Riley,19 Jan 2023,Paperback,12.81,13.5
The Complete Hitchhiker's Guide to the Galaxy Boxset,Douglas Adams,01 Mar 2021,Mixed media product,37.6,49.0
Exhalation,Ted Chiang,23 Jul 2020,Paperback,11.88,12.5
The Storm Sister,Lucinda Riley,21 Mar 2019,Paperback,12.32,13.5
I Couldn't Love You More,Esther Freud,26 May 2022,Paperback,11.5,"<span class=""sale-price"">11,50 €</span>"
Harry Potter and the Philosopher's Stone: MinaLima Edition,J. K. Rowling,27 Mar 2021,Hardback,29.9,40.5
Harry Potter Ravenclaw House Editions Hardback Box Set,J. K. Rowling,11 Nov 2021,Hardback,120.16,169.5
